Time_Min,Voltage(V),Current(A),Resistance(Ohm),Power(kW),Temp(C),Temp_Rise(C),Calculated_Energy(kWh),Tuya_Raw_Energy(kWh)
0.0,219.7,0.0,0.0,0.0,32.0,0.0,0.0,7e-05
0.0167,217.7,0.02,10885.0,0.0044,32.1,0.1,1e-06,-2.5e-05
0.0333,220.2,0.04,5505.0,0.0088,32.1,0.1,4e-06,0.00012
0.05,220.1,0.21,1048.1,0.0462,31.8,-0.2,1.7e-05,-8.5e-05
0.0667,221.9,0.18,1232.78,0.0399,32.1,0.1,2.8e-05,1.8e-05
0.0833,217.8,0.26,837.69,0.0566,32.0,0.0,4.3e-05,9.3e-05
0.1,219.6,0.35,627.43,0.0769,32.2,0.2,6.5e-05,9.1e-05
0.1167,218.3,0.37,590.0,0.0808,32.3,0.3,8.7e-05,-6.3e-05
0.1333,219.0,0.0,0.0,0.0,31.9,-0.1,8.7e-05,0.000176
0.15,218.1,0.43,507.21,0.0938,32.5,0.5,0.000113,1.5e-05
0.1667,219.5,0.35,627.14,0.0768,32.3,0.3,0.000134,0.000219
0.1833,220.4,0.49,449.8,0.108,32.5,0.5,0.000164,0.000216
0.2,218.8,0.34,643.53,0.0744,32.2,0.2,0.000185,0.000239
0.2167,223.4,0.43,519.53,0.0961,32.1,0.1,0.000212,0.000106
0.2333,222.0,0.62,358.06,0.1376,32.5,0.5,0.00025,0.000339
0.25,219.7,0.76,289.08,0.167,32.0,0.0,0.000296,0.000249
0.2667,217.7,0.72,302.36,0.1567,32.4,0.4,0.00034,0.000372
0.2833,221.0,0.57,387.72,0.126,32.6,0.6,0.000375,0.000615
0.3,219.0,0.75,292.0,0.1643,32.3,0.3,0.000421,0.000346
0.3167,219.0,0.83,263.86,0.1818,32.5,0.5,0.000471,0.000555
0.3333,219.4,0.62,353.87,0.136,32.0,0.0,0.000509,0.000411
0.35,220.5,0.68,324.26,0.1499,33.0,1.0,0.000551,0.00056
0.3667,220.1,0.84,262.02,0.1849,33.0,1.0,0.000602,0.000703
0.3833,218.3,0.87,250.92,0.1899,33.0,1.0,0.000655,0.000706
0.4,219.8,1.05,209.33,0.2308,33.3,1.3,0.000719,0.000697
0.4167,220.0,1.15,191.3,0.253,32.6,0.6,0.000789,0.000692
0.4333,221.9,0.92,241.2,0.2041,33.0,1.0,0.000846,0.000932
0.45,220.9,0.62,356.29,0.137,33.0,1.0,0.000884,0.000846
0.4667,219.8,0.92,238.91,0.2022,33.4,1.4,0.00094,0.000853
0.4833,221.8,0.99,224.04,0.2196,32.8,0.8,0.001001,0.000985
0.5,217.9,1.1,198.09,0.2397,33.0,1.0,0.001068,0.000968
0.5167,219.8,1.26,174.44,0.2769,33.7,1.7,0.001144,0.001195
0.5333,217.8,1.36,160.15,0.2962,33.0,1.0,0.001227,0.001284
0.55,217.2,1.46,148.77,0.3171,33.4,1.4,0.001315,0.0014
0.5667,220.8,1.46,151.23,0.3224,33.1,1.1,0.001404,0.00138
0.5833,220.0,1.08,203.7,0.2376,33.1,1.1,0.00147,0.001702
0.6,220.2,1.21,181.98,0.2664,32.7,0.7,0.001544,0.001536
0.6167,221.0,1.38,160.14,0.305,33.7,1.7,0.001629,0.001657
0.6333,220.4,1.21,182.15,0.2667,33.5,1.5,0.001703,0.001786
0.65,221.4,1.31,169.01,0.29,33.4,1.4,0.001784,0.001889
0.6667,220.6,1.64,134.51,0.3618,33.5,1.5,0.001884,0.002137
0.6833,219.2,1.52,144.21,0.3332,33.5,1.5,0.001977,0.002165
0.7,220.5,1.54,143.18,0.3396,33.8,1.8,0.002071,0.002061
0.7167,220.1,1.3,169.31,0.2861,33.6,1.6,0.002151,0.002133
0.7333,220.6,1.73,127.51,0.3816,33.3,1.3,0.002257,0.002354
0.75,217.4,1.6,135.88,0.3478,33.7,1.7,0.002353,0.002396
0.7667,220.4,1.56,141.28,0.3438,33.8,1.8,0.002449,0.00244
0.7833,221.2,1.76,125.68,0.3893,33.5,1.5,0.002557,0.002646
0.8,223.0,1.74,128.16,0.388,33.2,1.2,0.002665,0.002787
0.8167,219.5,1.73,126.88,0.3797,34.4,2.4,0.00277,0.002825
0.8333,219.0,2.15,101.86,0.4708,33.9,1.9,0.002901,0.00291
0.85,219.7,1.75,125.54,0.3845,33.8,1.8,0.003008,0.003088
0.8667,222.6,1.57,141.78,0.3495,33.9,1.9,0.003105,0.003341
0.8833,220.0,1.77,124.29,0.3894,34.9,2.9,0.003213,0.00319
0.9,218.8,1.73,126.47,0.3785,34.2,2.2,0.003318,0.003454
0.9167,219.2,2.19,100.09,0.48,33.6,1.6,0.003451,0.003477
0.9333,220.3,2.22,99.23,0.4891,33.5,1.5,0.003587,0.003656
0.95,222.8,2.28,97.72,0.508,34.3,2.3,0.003728,0.003834
0.9667,218.3,1.92,113.7,0.4191,34.2,2.2,0.003845,0.003972
0.9833,218.8,2.23,98.12,0.4879,33.9,1.9,0.00398,0.003982
1.0,220.5,2.0,110.25,0.441,33.6,1.6,0.004103,0.004152
1.0167,221.8,2.28,97.28,0.5057,34.4,2.4,0.004243,0.004428
1.0333,218.4,2.19,99.73,0.4783,34.2,2.2,0.004376,0.004616
1.05,220.3,2.43,90.66,0.5353,35.5,3.5,0.004525,0.004612
1.0667,220.0,2.41,91.29,0.5302,34.5,2.5,0.004672,0.004997
1.0833,217.4,2.58,84.26,0.5609,34.5,2.5,0.004828,0.004967
1.1,217.5,2.51,86.65,0.5459,33.9,1.9,0.00498,0.004889
1.1167,219.3,2.42,90.62,0.5307,34.8,2.8,0.005127,0.005153
1.1333,216.5,2.28,94.96,0.4936,34.8,2.8,0.005264,0.005406
1.15,220.7,2.65,83.28,0.5849,34.7,2.7,0.005427,0.00567
1.1667,218.5,2.52,86.71,0.5506,34.7,2.7,0.00558,0.005633
1.1833,219.7,2.25,97.64,0.4943,35.0,3.0,0.005717,0.005795
1.2,220.0,2.5,88.0,0.55,35.4,3.4,0.00587,0.005991
1.2167,218.6,2.57,85.06,0.5618,35.0,3.0,0.006026,0.00602
1.2333,219.5,2.66,82.52,0.5839,35.6,3.6,0.006188,0.006406
1.25,218.4,2.87,76.1,0.6268,35.3,3.3,0.006362,0.006375
1.2667,220.1,2.8,78.61,0.6163,34.9,2.9,0.006533,0.006864
1.2833,216.6,2.88,75.21,0.6238,35.4,3.4,0.006706,0.0068
1.3,220.1,2.83,77.77,0.6229,35.4,3.4,0.006879,0.006813
1.3167,220.6,2.69,82.01,0.5934,35.7,3.7,0.007044,0.007376
1.3333,216.3,3.17,68.23,0.6857,35.6,3.6,0.007235,0.007188
1.35,219.8,3.18,69.12,0.699,35.1,3.1,0.007429,0.007779
1.3667,216.5,3.07,70.52,0.6647,35.5,3.5,0.007614,0.007693
1.3833,218.7,3.03,72.18,0.6627,35.9,3.9,0.007798,0.007811
1.4,222.1,3.09,71.88,0.6863,35.3,3.3,0.007988,0.008169
1.4167,218.3,3.11,70.19,0.6789,35.8,3.8,0.008177,0.00835
1.4333,222.0,2.98,74.5,0.6616,35.9,3.9,0.008361,0.008511
1.45,218.2,3.06,71.31,0.6677,36.1,4.1,0.008546,0.008702
1.4667,219.1,3.26,67.21,0.7143,36.0,4.0,0.008745,0.008908
1.4833,219.1,3.34,65.6,0.7318,36.1,4.1,0.008948,0.009194
1.5,218.0,3.25,67.08,0.7085,35.6,3.6,0.009145,0.009253
1.5167,220.6,3.15,70.03,0.6949,35.9,3.9,0.009338,0.009681
1.5333,219.3,3.68,59.59,0.807,35.5,3.5,0.009562,0.009715
1.55,217.1,3.36,64.61,0.7295,36.0,4.0,0.009764,0.009988
1.5667,218.1,3.34,65.3,0.7285,35.9,3.9,0.009967,0.010345
1.5833,218.0,3.42,63.74,0.7456,36.1,4.1,0.010174,0.010473
1.6,220.0,3.38,65.09,0.7436,36.4,4.4,0.01038,0.010663
1.6167,218.4,3.73,58.55,0.8146,36.6,4.6,0.010607,0.01074
1.6333,221.1,3.49,63.35,0.7716,36.6,4.6,0.010821,0.011038
1.65,220.1,3.41,64.55,0.7505,36.2,4.2,0.01103,0.011158
1.6667,219.6,3.53,62.21,0.7752,35.8,3.8,0.011245,0.011506
1.6833,218.4,3.69,59.19,0.8059,36.8,4.8,0.011469,0.011759
1.7,218.2,3.61,60.44,0.7877,36.8,4.8,0.011688,0.01177
1.7167,218.3,3.68,59.32,0.8033,36.6,4.6,0.011911,0.01217
1.7333,220.9,3.78,58.44,0.835,36.8,4.8,0.012143,0.012354
1.75,220.3,3.62,60.86,0.7975,36.9,4.9,0.012364,0.012757
1.7667,219.2,3.73,58.77,0.8176,36.8,4.8,0.012591,0.012834
1.7833,216.6,3.88,55.82,0.8404,37.1,5.1,0.012825,0.013147
1.8,222.6,4.08,54.56,0.9082,36.8,4.8,0.013077,0.013335
1.8167,222.1,3.95,56.23,0.8773,36.5,4.5,0.013321,0.013636
1.8333,215.3,3.77,57.11,0.8117,36.4,4.4,0.013546,0.013679
1.85,217.9,4.18,52.13,0.9108,37.0,5.0,0.013799,0.013959
1.8667,217.5,4.15,52.41,0.9026,37.5,5.5,0.01405,0.014232
1.8833,219.3,3.98,55.1,0.8728,37.2,5.2,0.014292,0.014721
1.9,217.3,4.15,52.36,0.9018,37.1,5.1,0.014543,0.014776
1.9167,219.7,4.28,51.33,0.9403,37.3,5.3,0.014804,0.015187
1.9333,218.9,4.13,53.0,0.9041,37.4,5.4,0.015055,0.015509
1.95,218.6,4.23,51.68,0.9247,37.1,5.1,0.015312,0.015687
1.9667,219.6,4.19,52.41,0.9201,36.9,4.9,0.015568,0.015983
1.9833,217.9,4.11,53.02,0.8956,37.9,5.9,0.015816,0.015999
2.0,219.2,4.34,50.51,0.9513,37.3,5.3,0.016081,0.016537
2.0167,216.1,4.63,46.67,1.0005,37.3,5.3,0.016359,0.016767
2.0333,218.5,4.27,51.17,0.933,37.8,5.8,0.016618,0.017019
2.05,219.2,4.49,48.82,0.9842,37.7,5.7,0.016891,0.017358
2.0667,219.6,4.5,48.8,0.9882,37.8,5.8,0.017166,0.01752
2.0833,218.8,4.61,47.46,1.0087,37.8,5.8,0.017446,0.017874
2.1,219.4,4.9,44.78,1.0751,38.4,6.4,0.017744,0.018183
2.1167,219.5,4.88,44.98,1.0712,38.3,6.3,0.018042,0.018489
2.1333,217.5,4.81,45.22,1.0462,38.4,6.4,0.018333,0.01851
2.15,219.6,4.86,45.19,1.0673,38.8,6.8,0.018629,0.019017
2.1667,219.0,5.05,43.37,1.1059,38.2,6.2,0.018936,0.019174
2.1833,216.9,4.82,45.0,1.0455,38.8,6.8,0.019227,0.01959
2.2,219.1,5.11,42.88,1.1196,39.1,7.1,0.019538,0.020034
2.2167,218.5,4.99,43.79,1.0903,38.7,6.7,0.019841,0.020075
2.2333,220.7,5.24,42.12,1.1565,38.9,6.9,0.020162,0.020516
2.25,215.4,5.36,40.19,1.1545,39.1,7.1,0.020483,0.020907
2.2667,221.0,5.17,42.75,1.1426,39.4,7.4,0.0208,0.02119
2.2833,218.3,5.3,41.19,1.157,39.1,7.1,0.021121,0.021413
2.3,220.4,5.57,39.57,1.2276,39.6,7.6,0.021462,0.021782
2.3167,221.8,5.73,38.71,1.2709,39.5,7.5,0.021815,0.022161
2.3333,219.5,5.35,41.03,1.1743,39.2,7.2,0.022142,0.022581
2.35,216.6,5.7,38.0,1.2346,40.2,8.2,0.022484,0.023091
2.3667,216.7,5.4,40.13,1.1702,39.6,7.6,0.02281,0.023163
2.3833,215.0,5.61,38.32,1.2062,39.7,7.7,0.023145,0.023788
2.4,218.4,5.54,39.42,1.2099,39.5,7.5,0.023481,0.024014
2.4167,221.7,5.73,38.69,1.2703,40.1,8.1,0.023834,0.024273
2.4333,218.0,5.9,36.95,1.2862,39.7,7.7,0.024191,0.024705
2.45,219.0,5.85,37.44,1.2811,40.3,8.3,0.024547,0.024987
2.4667,221.4,5.99,36.96,1.3262,40.0,8.0,0.024915,0.025587
2.4833,217.6,5.95,36.57,1.2947,41.1,9.1,0.025275,0.025796
2.5,220.0,6.25,35.2,1.375,40.0,8.0,0.025657,0.026182
2.5167,216.7,6.02,36.0,1.3045,40.1,8.1,0.026019,0.02655
2.5333,219.3,6.24,35.14,1.3684,40.6,8.6,0.026399,0.026847
2.55,217.9,6.06,35.96,1.3205,40.5,8.5,0.026766,0.027281
2.5667,217.4,6.26,34.73,1.3609,40.8,8.8,0.027144,0.027611
2.5833,219.5,6.32,34.73,1.3872,41.1,9.1,0.027529,0.028127
2.6,218.1,6.13,35.58,1.337,41.2,9.2,0.027901,0.028523
2.6167,218.9,6.2,35.31,1.3572,41.6,9.6,0.028278,0.028825
2.6333,219.3,6.48,33.84,1.4211,41.4,9.4,0.028672,0.029313
2.65,218.9,6.56,33.37,1.436,41.2,9.2,0.029071,0.029636
2.6667,218.3,6.79,32.15,1.4823,41.5,9.5,0.029483,0.030024
2.6833,217.3,6.78,32.05,1.4733,41.9,9.9,0.029892,0.030396
2.7,218.9,6.56,33.37,1.436,41.8,9.8,0.030291,0.030927
2.7167,218.0,6.93,31.46,1.5107,42.0,10.0,0.030711,0.031234
2.7333,219.5,7.02,31.27,1.5409,42.1,10.1,0.031139,0.03178
2.75,218.1,6.77,32.22,1.4765,42.2,10.2,0.031549,0.032178
2.7667,216.5,6.96,31.11,1.5068,42.2,10.2,0.031968,0.032538
2.7833,218.3,6.84,31.92,1.4932,41.7,9.7,0.032382,0.0331
2.8,218.5,7.18,30.43,1.5688,42.1,10.1,0.032818,0.03338
2.8167,214.9,7.09,30.31,1.5236,42.5,10.5,0.033241,0.033973
2.8333,217.8,7.12,30.59,1.5507,42.6,10.6,0.033672,0.034381
2.85,218.5,7.39,29.57,1.6147,42.5,10.5,0.034121,0.034757
2.8667,220.8,7.31,30.21,1.614,42.7,10.7,0.034569,0.035155
2.8833,215.3,7.21,29.86,1.5523,43.0,11.0,0.035,0.035564
2.9,215.5,7.21,29.89,1.5538,42.7,10.7,0.035432,0.036197
2.9167,215.8,7.25,29.77,1.5646,43.1,11.1,0.035866,0.03655
2.9333,219.6,7.57,29.01,1.6624,43.2,11.2,0.036328,0.036925
2.95,219.2,7.55,29.03,1.655,43.1,11.1,0.036788,0.03738
2.9667,217.8,7.79,27.96,1.6967,43.3,11.3,0.037259,0.038006
2.9833,218.8,7.83,27.94,1.7132,43.4,11.4,0.037735,0.038558
3.0,220.5,8.06,27.36,1.7772,43.8,11.8,0.038229,0.038881
3.0167,216.6,8.35,25.94,1.8086,43.6,11.6,0.038731,0.039436
3.0333,219.0,8.09,27.07,1.7717,43.4,11.4,0.039223,0.040034
3.05,217.9,7.98,27.31,1.7388,43.6,11.6,0.039706,0.040428
3.0667,218.4,7.89,27.68,1.7232,43.9,11.9,0.040185,0.041062
3.0833,215.7,7.87,27.41,1.6976,44.0,12.0,0.040656,0.041604
3.1,221.8,7.99,27.76,1.7722,44.4,12.4,0.041149,0.041855
3.1167,218.7,8.0,27.34,1.7496,44.0,12.0,0.041635,0.042705
3.1333,219.3,8.04,27.28,1.7632,44.9,12.9,0.042125,0.042956
3.15,217.9,8.09,26.93,1.7628,44.7,12.7,0.042614,0.043554
3.1667,216.2,8.31,26.02,1.7966,44.7,12.7,0.043113,0.043908
3.1833,217.2,8.03,27.05,1.7441,44.4,12.4,0.043598,0.044528
3.2,221.0,8.7,25.4,1.9227,44.8,12.8,0.044132,0.044968
3.2167,219.8,8.57,25.65,1.8837,44.9,12.9,0.044655,0.045534
3.2333,218.1,8.85,24.64,1.9302,45.0,13.0,0.045191,0.046107
3.25,216.7,8.67,24.99,1.8788,45.2,13.2,0.045713,0.046511
3.2667,221.0,8.59,25.73,1.8984,45.6,13.6,0.04624,0.047156
3.2833,217.7,8.55,25.46,1.8613,45.8,13.8,0.046757,0.047636
3.3,216.1,8.97,24.09,1.9384,45.5,13.5,0.047296,0.048416
3.3167,220.0,8.5,25.88,1.87,45.2,13.2,0.047815,0.048763
3.3333,219.4,8.84,24.82,1.9395,44.9,12.9,0.048354,0.049129
3.35,218.2,8.83,24.71,1.9267,45.7,13.7,0.048889,0.049845
3.3667,217.5,8.8,24.72,1.914,45.8,13.8,0.049421,0.050434
3.3833,220.3,9.12,24.16,2.0091,46.0,14.0,0.049979,0.050947
3.4,217.7,9.09,23.95,1.9789,46.3,14.3,0.050529,0.051383
3.4167,216.7,9.2,23.55,1.9936,46.1,14.1,0.051083,0.051945
3.4333,217.9,9.37,23.26,2.0417,46.9,14.9,0.05165,0.05271
3.45,216.5,9.0,24.06,1.9485,46.9,14.9,0.052191,0.053158
3.4667,217.8,9.15,23.8,1.9929,46.7,14.7,0.052744,0.053698
3.4833,217.3,9.32,23.32,2.0252,46.1,14.1,0.053307,0.054423
3.5,220.0,9.3,23.66,2.046,46.6,14.6,0.053875,0.054795
3.5167,215.7,9.66,22.33,2.0837,46.9,14.9,0.054454,0.055603
3.5333,215.5,9.49,22.71,2.0451,47.3,15.3,0.055022,0.056103
3.55,218.9,9.79,22.36,2.143,48.2,16.2,0.055618,0.056565
3.5667,216.4,9.65,22.42,2.0883,47.8,15.8,0.056198,0.057404
3.5833,216.8,9.82,22.08,2.129,47.3,15.3,0.056789,0.057722
3.6,218.7,10.02,21.83,2.1914,47.6,15.6,0.057398,0.058639
3.6167,219.4,9.93,22.09,2.1786,47.3,15.3,0.058003,0.059092
3.6333,218.5,9.91,22.05,2.1653,48.2,16.2,0.058604,0.059676
3.65,221.3,9.95,22.24,2.2019,48.2,16.2,0.059216,0.060487
3.6667,219.1,9.99,21.93,2.1888,48.7,16.7,0.059824,0.061031
3.6833,216.6,10.23,21.17,2.2158,48.4,16.4,0.06044,0.061739
3.7,219.6,9.99,21.98,2.1938,48.1,16.1,0.061049,0.062189
3.7167,220.8,10.16,21.73,2.2433,48.6,16.6,0.061672,0.062999
3.7333,218.0,10.1,21.58,2.2018,48.2,16.2,0.062284,0.063472
3.75,217.8,10.4,20.94,2.2651,49.1,17.1,0.062913,0.064151
3.7667,219.8,10.3,21.34,2.2639,48.6,16.6,0.063542,0.064661
3.7833,218.5,10.58,20.65,2.3117,48.3,16.3,0.064184,0.065472
3.8,220.5,10.38,21.24,2.2888,48.8,16.8,0.06482,0.066058
3.8167,216.2,10.36,20.87,2.2398,49.0,17.0,0.065442,0.066607
3.8333,215.4,10.4,20.71,2.2402,48.8,16.8,0.066064,0.067229
3.85,216.8,10.53,20.59,2.2829,49.0,17.0,0.066698,0.06808
3.8667,217.1,10.66,20.37,2.3143,49.4,17.4,0.067341,0.068847
3.8833,218.5,10.76,20.31,2.3511,48.9,16.9,0.067994,0.069289
3.9,217.1,10.45,20.78,2.2687,49.9,17.9,0.068624,0.069929
3.9167,216.2,10.91,19.82,2.3587,50.1,18.1,0.06928,0.07051
3.9333,218.4,10.85,20.13,2.3696,50.2,18.2,0.069938,0.071324
3.95,217.1,11.24,19.31,2.4402,50.0,18.0,0.070616,0.071752
3.9667,217.2,11.27,19.27,2.4478,49.9,17.9,0.071296,0.072854
3.9833,217.9,11.25,19.37,2.4514,49.9,17.9,0.071976,0.073458
4.0,215.9,11.02,19.59,2.3792,50.8,18.8,0.072637,0.073877
4.0167,218.4,11.26,19.4,2.4592,51.2,19.2,0.07332,0.074819
4.0333,216.4,10.92,19.82,2.3631,50.7,18.7,0.073977,0.075492
4.05,214.7,11.43,18.78,2.454,50.7,18.7,0.074659,0.076249
4.0667,220.4,11.57,19.05,2.55,50.8,18.8,0.075367,0.076984
4.0833,219.4,11.66,18.82,2.5582,51.3,19.3,0.076078,0.077682
4.1,215.5,11.34,19.0,2.4438,51.5,19.5,0.076756,0.078257
4.1167,216.8,11.51,18.84,2.4954,51.2,19.2,0.07745,0.079022
4.1333,217.7,11.41,19.08,2.484,51.5,19.5,0.07814,0.079695
4.15,218.8,11.51,19.01,2.5184,52.1,20.1,0.078839,0.080356
4.1667,218.9,11.87,18.44,2.5983,50.9,18.9,0.079561,0.081076
4.1833,218.7,11.64,18.79,2.5457,51.9,19.9,0.080268,0.081921
4.2,216.2,11.89,18.18,2.5706,51.7,19.7,0.080982,0.082479
4.2167,217.4,11.82,18.39,2.5697,52.1,20.1,0.081696,0.083257
4.2333,218.9,12.04,18.18,2.6356,52.6,20.6,0.082428,0.084148
4.25,218.5,11.99,18.22,2.6198,52.5,20.5,0.083156,0.084754
4.2667,220.1,12.21,18.03,2.6874,53.0,21.0,0.083902,0.085584
4.2833,218.1,12.12,18.0,2.6434,52.5,20.5,0.084636,0.086391
4.3,217.2,12.11,17.94,2.6303,53.2,21.2,0.085367,0.087091
4.3167,218.8,12.2,17.93,2.6694,52.8,20.8,0.086109,0.08786
4.3333,215.6,12.23,17.63,2.6368,52.9,20.9,0.086841,0.088464
4.35,215.7,12.33,17.49,2.6596,53.3,21.3,0.08758,0.089406
4.3667,217.3,12.4,17.52,2.6945,53.3,21.3,0.088328,0.089898
4.3833,217.2,12.25,17.73,2.6607,53.4,21.4,0.089067,0.090841
4.4,217.6,12.32,17.66,2.6808,53.3,21.3,0.089812,0.091501
4.4167,217.1,12.58,17.26,2.7311,53.9,21.9,0.090571,0.092449
4.4333,217.9,12.69,17.17,2.7652,53.4,21.4,0.091339,0.093072
4.45,221.7,12.42,17.85,2.7535,53.4,21.4,0.092104,0.093925
4.4667,217.0,12.64,17.17,2.7429,53.7,21.7,0.092866,0.094536
4.4833,215.3,12.6,17.09,2.7128,54.0,22.0,0.093619,0.095423
4.5,217.7,12.71,17.13,2.767,54.0,22.0,0.094388,0.096369
4.5167,217.7,12.81,16.99,2.7887,53.9,21.9,0.095162,0.097131
4.5333,217.9,12.86,16.94,2.8022,54.5,22.5,0.095941,0.097842
4.55,216.7,13.01,16.66,2.8193,54.9,22.9,0.096724,0.098752
4.5667,215.5,13.11,16.44,2.8252,54.3,22.3,0.097509,0.099392
4.5833,218.0,13.05,16.7,2.8449,54.5,22.5,0.098299,0.100383
4.6,214.3,13.15,16.3,2.818,54.8,22.8,0.099082,0.100805
4.6167,216.4,13.09,16.53,2.8327,54.8,22.8,0.099869,0.101833
4.6333,216.4,13.2,16.39,2.8565,55.6,23.6,0.100662,0.102797
4.65,219.1,13.14,16.67,2.879,54.8,22.8,0.101462,0.10341
4.6667,213.9,13.6,15.73,2.909,55.6,23.6,0.10227,0.10419
4.6833,217.0,13.41,16.18,2.91,56.0,24.0,0.103078,0.105059
4.7,218.2,13.47,16.2,2.9392,55.6,23.6,0.103895,0.10589
4.7167,217.3,13.53,16.06,2.9401,56.0,24.0,0.104711,0.106711
4.7333,217.7,13.53,16.09,2.9455,55.9,23.9,0.105529,0.107622
4.75,216.1,13.65,15.83,2.9498,55.8,23.8,0.106349,0.10852
4.7667,218.9,13.55,16.15,2.9661,56.2,24.2,0.107173,0.109189
4.7833,217.4,13.81,15.74,3.0023,56.5,24.5,0.108007,0.110283
4.8,216.1,13.77,15.69,2.9757,56.2,24.2,0.108833,0.110912
4.8167,217.6,13.77,15.8,2.9964,56.5,24.5,0.109666,0.11181
4.8333,217.6,13.83,15.73,3.0094,56.5,24.5,0.110502,0.112608
4.85,216.7,13.97,15.51,3.0273,56.5,24.5,0.111343,0.113652
4.8667,217.2,14.18,15.32,3.0799,57.0,25.0,0.112198,0.114495
4.8833,218.4,14.1,15.49,3.0794,57.6,25.6,0.113053,0.115323
4.9,218.4,14.23,15.35,3.1078,57.1,25.1,0.113917,0.116082
4.9167,214.7,14.35,14.96,3.0809,57.9,25.9,0.114773,0.117155
4.9333,217.1,14.3,15.18,3.1045,58.0,26.0,0.115635,0.117853
4.95,216.1,14.16,15.26,3.06,57.5,25.5,0.116485,0.118714
4.9667,217.2,14.41,15.07,3.1299,57.5,25.5,0.117354,0.119862
4.9833,215.1,14.23,15.12,3.0609,57.9,25.9,0.118205,0.120548
5.0,216.1,14.56,14.84,3.1464,57.6,25.6,0.119079,0.121396
5.0167,217.8,14.4,15.12,3.1363,57.8,25.8,0.11995,0.122425
5.0333,218.6,14.59,14.98,3.1894,58.2,26.2,0.120836,0.123331
5.05,216.2,14.62,14.79,3.1608,57.9,25.9,0.121714,0.123965
5.0667,216.0,14.54,14.86,3.1406,58.1,26.1,0.122586,0.125091
5.0833,215.5,14.3,15.07,3.0817,57.9,25.9,0.123442,0.125859
5.1,215.3,14.53,14.82,3.1283,58.0,26.0,0.124311,0.126628
5.1167,218.1,14.18,15.38,3.0927,57.6,25.6,0.12517,0.127618
5.1333,214.9,14.29,15.04,3.0709,57.9,25.9,0.126023,0.128503
5.15,217.7,14.65,14.86,3.1893,57.9,25.9,0.126909,0.129523
5.1667,217.6,14.67,14.83,3.1922,57.9,25.9,0.127796,0.130454
5.1833,218.0,14.77,14.76,3.2199,58.5,26.5,0.12869,0.131357
5.2,215.4,14.63,14.72,3.1513,57.7,25.7,0.129566,0.132152
5.2167,216.1,14.25,15.16,3.0794,58.3,26.3,0.130421,0.132963
5.2333,215.0,14.58,14.75,3.1347,57.9,25.9,0.131292,0.13402
5.25,217.4,14.53,14.96,3.1588,58.5,26.5,0.132169,0.134942
5.2667,219.0,14.37,15.24,3.147,57.8,25.8,0.133043,0.135702
5.2833,218.6,14.5,15.08,3.1697,57.7,25.7,0.133924,0.136647
5.3,218.2,14.58,14.97,3.1814,57.9,25.9,0.134808,0.137604
5.3167,218.7,14.39,15.2,3.1471,58.1,26.1,0.135682,0.138255
5.3333,217.3,14.56,14.92,3.1639,57.9,25.9,0.136561,0.139218
5.35,214.8,14.46,14.85,3.106,58.5,26.5,0.137423,0.140059
5.3667,218.7,14.4,15.19,3.1493,58.2,26.2,0.138298,0.141136
5.3833,216.5,14.73,14.7,3.189,57.7,25.7,0.139184,0.142052
5.4,216.5,14.62,14.81,3.1652,57.6,25.6,0.140063,0.142988
5.4167,214.9,14.59,14.73,3.1354,58.3,26.3,0.140934,0.143609
5.4333,215.3,14.43,14.92,3.1068,57.8,25.8,0.141797,0.14455
5.45,218.1,14.41,15.14,3.1428,58.1,26.1,0.14267,0.145586
5.4667,216.4,14.66,14.76,3.1724,58.1,26.1,0.143551,0.146476
5.4833,218.3,14.76,14.79,3.2221,58.5,26.5,0.144446,0.147437
5.5,214.3,14.66,14.62,3.1416,58.3,26.3,0.145319,0.148247
5.5167,216.2,14.51,14.9,3.1371,57.9,25.9,0.146191,0.149156
5.5333,214.8,14.63,14.68,3.1425,58.1,26.1,0.147063,0.149949
5.55,217.6,14.36,15.15,3.1247,58.0,26.0,0.147931,0.150824
5.5667,217.4,14.38,15.12,3.1262,58.1,26.1,0.1488,0.151667
5.5833,216.7,14.37,15.08,3.114,58.2,26.2,0.149665,0.152553
5.6,215.8,14.57,14.81,3.1442,58.9,26.9,0.150538,0.153455
5.6167,217.3,14.38,15.11,3.1248,57.8,25.8,0.151406,0.154517
5.6333,216.4,14.77,14.65,3.1962,58.1,26.1,0.152294,0.155288
5.65,219.1,14.5,15.11,3.1769,58.3,26.3,0.153176,0.15615
5.6667,218.7,14.73,14.85,3.2215,58.2,26.2,0.154071,0.157087
5.6833,215.8,14.51,14.87,3.1313,58.2,26.2,0.154941,0.158008
5.7,218.4,14.16,15.42,3.0925,58.1,26.1,0.1558,0.159024
5.7167,217.3,14.48,15.01,3.1465,58.4,26.4,0.156674,0.159846
5.7333,221.8,14.54,15.25,3.225,58.0,26.0,0.15757,0.160738
5.75,215.8,14.76,14.62,3.1852,57.8,25.8,0.158455,0.161481
5.7667,217.9,14.58,14.95,3.177,58.3,26.3,0.159337,0.162389
5.7833,218.8,14.65,14.94,3.2054,58.1,26.1,0.160228,0.163436
5.8,217.6,14.6,14.9,3.177,58.3,26.3,0.16111,0.164224
5.8167,215.2,14.47,14.87,3.1139,58.3,26.3,0.161975,0.165268
5.8333,217.4,14.49,15.0,3.1501,57.6,25.6,0.16285,0.166193
5.85,217.2,14.43,15.05,3.1342,58.4,26.4,0.163721,0.16692
5.8667,217.2,14.68,14.8,3.1885,58.1,26.1,0.164607,0.167954
5.8833,217.9,14.31,15.23,3.1181,58.1,26.1,0.165473,0.168886
5.9,216.5,14.47,14.96,3.1328,58.2,26.2,0.166343,0.169664
5.9167,216.7,14.32,15.13,3.1031,58.5,26.5,0.167205,0.17054
5.9333,218.1,14.37,15.18,3.1341,57.6,25.6,0.168075,0.171225
5.95,217.3,14.5,14.99,3.1509,58.2,26.2,0.168951,0.17224
5.9667,214.9,14.48,14.84,3.1118,58.2,26.2,0.169815,0.17305
5.9833,217.4,14.48,15.01,3.148,57.6,25.6,0.17069,0.174051
6.0,219.3,14.62,15.0,3.2062,57.7,25.7,0.17158,0.175046
6.0167,215.0,14.31,15.02,3.0766,58.6,26.6,0.172435,0.17595
6.0333,217.3,14.38,15.11,3.1248,58.3,26.3,0.173303,0.176787
6.05,217.9,14.84,14.68,3.2336,57.2,25.2,0.174201,0.177656
6.0667,216.7,14.39,15.06,3.1183,58.1,26.1,0.175067,0.178503
6.0833,219.0,14.34,15.27,3.1405,58.3,26.3,0.17594,0.179391
6.1,218.0,14.6,14.93,3.1828,58.5,26.5,0.176824,0.180255
6.1167,216.1,14.62,14.78,3.1594,58.5,26.5,0.177701,0.181236
6.1333,217.1,14.16,15.33,3.0741,57.6,25.6,0.178555,0.182105
6.15,216.4,14.49,14.93,3.1356,57.7,25.7,0.179426,0.182903
6.1667,216.6,14.37,15.07,3.1125,58.5,26.5,0.180291,0.183967
6.1833,218.9,14.43,15.17,3.1587,57.7,25.7,0.181168,0.18486
6.2,217.4,14.47,15.02,3.1458,58.4,26.4,0.182042,0.185615
6.2167,217.0,14.62,14.84,3.1725,58.9,26.9,0.182923,0.186551
6.2333,218.0,14.69,14.84,3.2024,57.8,25.8,0.183813,0.187625
6.25,213.7,14.34,14.9,3.0645,58.4,26.4,0.184664,0.188464
6.2667,216.6,14.51,14.93,3.1429,58.6,26.6,0.185537,0.189319
6.2833,218.1,14.4,15.15,3.1406,57.8,25.8,0.186409,0.190082
6.3,213.7,14.34,14.9,3.0645,57.8,25.8,0.187261,0.191128
6.3167,216.2,14.34,15.08,3.1003,57.8,25.8,0.188122,0.191971
6.3333,217.7,14.5,15.01,3.1566,58.2,26.2,0.188999,0.192662
6.35,218.3,14.35,15.21,3.1326,58.2,26.2,0.189869,0.193744
6.3667,218.7,14.03,15.59,3.0684,58.0,26.0,0.190721,0.194753
6.3833,217.0,14.42,15.05,3.1291,58.4,26.4,0.19159,0.195335
6.4,216.0,14.63,14.76,3.1601,58.6,26.6,0.192468,0.196397
6.4167,215.9,14.57,14.82,3.1457,58.1,26.1,0.193342,0.197239
6.4333,216.2,14.19,15.24,3.0679,58.5,26.5,0.194194,0.197951
6.45,216.1,14.69,14.71,3.1745,58.3,26.3,0.195076,0.198863
6.4667,217.7,14.57,14.94,3.1719,58.5,26.5,0.195957,0.200012
6.4833,217.3,14.69,14.79,3.1921,57.8,25.8,0.196844,0.200913
6.5,216.3,14.3,15.13,3.0931,58.4,26.4,0.197703,0.201701
6.5167,217.0,14.74,14.72,3.1986,57.7,25.7,0.198592,0.202536
6.5333,216.5,14.53,14.9,3.1457,58.6,26.6,0.199465,0.20343
6.55,217.7,14.28,15.25,3.1088,57.9,25.9,0.200329,0.204505
6.5667,214.9,14.54,14.78,3.1246,58.5,26.5,0.201197,0.205458
6.5833,218.4,14.2,15.38,3.1013,58.4,26.4,0.202058,0.206117
6.6,217.7,14.55,14.96,3.1675,58.0,26.0,0.202938,0.207138
6.6167,219.9,14.3,15.38,3.1446,58.7,26.7,0.203812,0.207769
6.6333,219.1,14.5,15.11,3.1769,58.1,26.1,0.204694,0.208772
6.65,218.8,14.44,15.15,3.1595,58.1,26.1,0.205572,0.209682
6.6667,216.7,14.58,14.86,3.1595,58.0,26.0,0.206449,0.210444
6.6833,215.2,14.27,15.08,3.0709,57.7,25.7,0.207302,0.211376
6.7,217.1,14.55,14.92,3.1588,58.0,26.0,0.20818,0.212242
6.7167,214.9,14.35,14.98,3.0838,57.9,25.9,0.209037,0.213289
6.7333,217.0,14.29,15.19,3.1009,58.1,26.1,0.209898,0.214339
6.75,217.3,14.23,15.27,3.0922,58.1,26.1,0.210757,0.214895
6.7667,217.2,14.55,14.93,3.1603,57.9,25.9,0.211635,0.21591
6.7833,219.0,14.56,15.04,3.1886,58.1,26.1,0.21252,0.216918
6.8,214.0,14.47,14.79,3.0966,58.4,26.4,0.213381,0.21764
6.8167,218.4,14.37,15.2,3.1384,58.1,26.1,0.214252,0.218639
6.8333,218.1,14.49,15.05,3.1603,58.5,26.5,0.21513,0.21948
6.85,218.4,14.35,15.22,3.134,58.3,26.3,0.216001,0.220521
6.8667,218.1,14.57,14.97,3.1777,58.0,26.0,0.216883,0.22118
6.8833,215.2,14.51,14.83,3.1226,57.9,25.9,0.217751,0.222095
6.9,217.3,14.49,15.0,3.1487,58.6,26.6,0.218625,0.222958
6.9167,216.8,14.6,14.85,3.1653,58.2,26.2,0.219505,0.223921
6.9333,217.1,14.19,15.3,3.0806,58.1,26.1,0.22036,0.224675
6.95,216.3,14.22,15.21,3.0758,57.7,25.7,0.221215,0.225726
6.9667,214.5,14.46,14.83,3.1017,58.1,26.1,0.222076,0.226593
6.9833,216.6,14.41,15.03,3.1212,58.2,26.2,0.222943,0.227389
7.0,216.9,14.25,15.22,3.0908,58.1,26.1,0.223802,0.228573
7.0167,216.3,14.47,14.95,3.1299,58.6,26.6,0.224671,0.229149
7.0333,215.7,14.54,14.83,3.1363,58.8,26.8,0.225543,0.229991
7.05,218.7,14.56,15.02,3.1843,58.2,26.2,0.226427,0.230956
7.0667,218.0,14.59,14.94,3.1806,58.0,26.0,0.227311,0.231875
7.0833,215.9,14.36,15.03,3.1003,58.1,26.1,0.228172,0.232857
7.1,220.9,14.74,14.99,3.2561,58.3,26.3,0.229076,0.233574
7.1167,219.4,14.35,15.29,3.1484,57.8,25.8,0.229951,0.234518
7.1333,219.6,14.42,15.23,3.1666,58.0,26.0,0.23083,0.235557
7.15,216.7,14.7,14.74,3.1855,58.5,26.5,0.231715,0.236196
7.1667,216.7,14.49,14.96,3.14,57.5,25.5,0.232588,0.237281
7.1833,214.5,14.55,14.74,3.121,57.9,25.9,0.233454,0.238049
7.2,216.5,14.42,15.01,3.1219,58.0,26.0,0.234322,0.238907
7.2167,216.3,14.55,14.87,3.1472,58.3,26.3,0.235196,0.239877
7.2333,216.8,14.57,14.88,3.1588,58.6,26.6,0.236073,0.240805
7.25,218.9,14.63,14.96,3.2025,57.9,25.9,0.236963,0.241794
7.2667,215.5,14.77,14.59,3.1829,58.3,26.3,0.237847,0.242568
7.2833,217.8,14.57,14.95,3.1733,58.1,26.1,0.238729,0.243634
7.3,216.8,14.37,15.09,3.1154,58.6,26.6,0.239594,0.244581
7.3167,218.2,14.42,15.13,3.1464,58.4,26.4,0.240468,0.245119
7.3333,215.2,14.36,14.99,3.0903,58.2,26.2,0.241326,0.246111
7.35,218.9,14.5,15.1,3.1741,58.5,26.5,0.242208,0.247317
7.3667,218.2,14.46,15.09,3.1552,58.5,26.5,0.243084,0.248097
7.3833,218.3,14.44,15.12,3.1523,58.8,26.8,0.24396,0.248767
7.4,217.8,14.49,15.03,3.1559,58.2,26.2,0.244837,0.249646
7.4167,216.7,14.77,14.67,3.2007,58.9,26.9,0.245726,0.25059
7.4333,218.2,14.47,15.08,3.1574,58.3,26.3,0.246603,0.251445
7.45,217.4,14.39,15.11,3.1284,58.2,26.2,0.247472,0.25243
7.4667,216.2,14.16,15.27,3.0614,58.3,26.3,0.248322,0.253237
7.4833,215.7,14.35,15.03,3.0953,58.4,26.4,0.249182,0.254314
7.5,216.6,14.29,15.16,3.0952,58.7,26.7,0.250042,0.255076
7.5167,216.3,14.49,14.93,3.1342,58.4,26.4,0.250912,0.255921
7.5333,215.9,14.17,15.24,3.0593,57.8,25.8,0.251762,0.256927
7.55,215.8,14.62,14.76,3.155,58.6,26.6,0.252639,0.257936
7.5667,218.9,14.41,15.19,3.1543,58.5,26.5,0.253515,0.258561
7.5833,216.2,14.33,15.09,3.0981,58.3,26.3,0.254375,0.259231
7.6,216.5,14.58,14.85,3.1566,58.5,26.5,0.255252,0.260315
7.6167,214.5,14.95,14.35,3.2068,58.1,26.1,0.256143,0.261336
7.6333,215.5,14.85,14.51,3.2002,58.9,26.9,0.257032,0.262081
7.65,217.1,14.69,14.78,3.1892,59.1,27.1,0.257918,0.263254
7.6667,221.4,14.4,15.38,3.1882,58.1,26.1,0.258804,0.263948
7.6833,215.9,14.77,14.62,3.1888,58.2,26.2,0.259689,0.264896
7.7,217.6,14.57,14.93,3.1704,58.2,26.2,0.26057,0.265801
7.7167,219.3,14.6,15.02,3.2018,58.5,26.5,0.261459,0.266563
7.7333,216.1,14.5,14.9,3.1334,58.8,26.8,0.26233,0.267409
7.75,215.4,14.58,14.77,3.1405,58.8,26.8,0.263202,0.268543
7.7667,217.8,14.53,14.99,3.1646,58.3,26.3,0.264081,0.26943
7.7833,218.1,14.49,15.05,3.1603,58.4,26.4,0.264959,0.27001
7.8,219.3,14.42,15.21,3.1623,58.8,26.8,0.265837,0.271165
7.8167,216.5,14.48,14.95,3.1349,58.6,26.6,0.266708,0.2721
7.8333,218.0,14.35,15.19,3.1283,58.8,26.8,0.267577,0.272833
7.85,217.7,14.47,15.04,3.1501,58.6,26.6,0.268452,0.273779
7.8667,216.3,14.42,15.0,3.119,58.5,26.5,0.269319,0.274748
7.8833,215.0,14.5,14.83,3.1175,58.1,26.1,0.270185,0.275652
7.9,217.3,14.32,15.17,3.1117,58.3,26.3,0.271049,0.27641
7.9167,219.5,14.5,15.14,3.1827,58.5,26.5,0.271933,0.277342
7.9333,217.8,14.28,15.25,3.1102,58.8,26.8,0.272797,0.278314
7.95,217.7,14.67,14.84,3.1937,58.0,26.0,0.273684,0.279153
7.9667,218.1,14.58,14.96,3.1799,58.3,26.3,0.274567,0.280052
7.9833,218.9,14.55,15.04,3.185,58.7,26.7,0.275452,0.281026
8.0,215.5,14.56,14.8,3.1377,58.1,26.1,0.276324,0.281841
8.0167,217.6,14.66,14.84,3.19,58.6,26.6,0.27721,0.282604
8.0333,218.7,14.28,15.32,3.123,58.4,26.4,0.278077,0.283508
8.05,217.4,14.63,14.86,3.1806,59.3,27.3,0.278961,0.284665
8.0667,216.8,14.55,14.9,3.1544,58.5,26.5,0.279837,0.285424
8.0833,218.4,14.28,15.29,3.1188,58.5,26.5,0.280703,0.286042
8.1,215.8,14.4,14.99,3.1075,58.7,26.7,0.281567,0.287194
8.1167,214.6,14.72,14.58,3.1589,58.1,26.1,0.282444,0.2882
8.1333,215.4,14.4,14.96,3.1018,58.3,26.3,0.283306,0.288896
8.15,218.7,14.58,15.0,3.1886,58.0,26.0,0.284191,0.289846
8.1667,217.1,14.5,14.97,3.1479,58.7,26.7,0.285066,0.290779
8.1833,215.3,14.41,14.94,3.1025,57.9,25.9,0.285928,0.291609
8.2,218.4,14.5,15.06,3.1668,58.3,26.3,0.286807,0.292776
8.2167,216.3,14.49,14.93,3.1342,58.6,26.6,0.287678,0.293334
8.2333,213.9,14.53,14.72,3.108,58.7,26.7,0.288541,0.294319
8.25,217.2,14.53,14.95,3.1559,58.1,26.1,0.289418,0.295116
8.2667,217.7,14.73,14.78,3.2067,58.3,26.3,0.290309,0.296157
8.2833,219.9,14.56,15.1,3.2017,58.8,26.8,0.291198,0.297063
8.3,219.7,14.43,15.23,3.1703,58.4,26.4,0.292079,0.297833
8.3167,215.7,14.32,15.06,3.0888,58.4,26.4,0.292937,0.298872
8.3333,218.7,14.64,14.94,3.2018,58.5,26.5,0.293826,0.299786
8.35,218.4,14.84,14.72,3.2411,59.0,27.0,0.294726,0.30047
8.3667,215.9,14.39,15.0,3.1068,57.7,25.7,0.295589,0.301508
8.3833,216.2,14.71,14.7,3.1803,58.5,26.5,0.296473,0.302317
8.4,217.4,14.43,15.07,3.1371,58.1,26.1,0.297344,0.303408
8.4167,217.5,14.21,15.31,3.0907,58.3,26.3,0.298203,0.304316
8.4333,213.9,14.61,14.64,3.1251,57.8,25.8,0.299071,0.304952
8.45,216.7,14.42,15.03,3.1248,58.5,26.5,0.299939,0.306005
8.4667,214.3,14.3,14.99,3.0645,58.6,26.6,0.30079,0.30677
8.4833,216.0,14.48,14.92,3.1277,58.4,26.4,0.301659,0.307841
8.5,215.2,14.26,15.09,3.0688,58.7,26.7,0.302511,0.308718
8.5167,215.1,14.47,14.87,3.1125,57.9,25.9,0.303376,0.309469
8.5333,220.3,14.31,15.39,3.1525,59.2,27.2,0.304252,0.310359
8.55,216.8,14.57,14.88,3.1588,58.9,26.9,0.305129,0.311231
8.5667,219.0,14.51,15.09,3.1777,58.7,26.7,0.306012,0.312345
8.5833,216.2,14.25,15.17,3.0808,58.2,26.2,0.306867,0.313089
8.6,217.9,14.43,15.1,3.1443,58.2,26.2,0.307741,0.313886
8.6167,219.5,14.84,14.79,3.2574,58.0,26.0,0.308646,0.314855
8.6333,216.3,14.62,14.79,3.1623,58.2,26.2,0.309524,0.315781
8.65,217.8,14.52,15.0,3.1625,58.5,26.5,0.310403,0.316844
8.6667,216.3,14.36,15.06,3.1061,58.7,26.7,0.311265,0.317564
8.6833,218.9,14.29,15.32,3.1281,58.1,26.1,0.312134,0.318378
8.7,215.9,14.45,14.94,3.1198,58.9,26.9,0.313001,0.319026
8.7167,215.6,14.39,14.98,3.1025,58.8,26.8,0.313863,0.320295
8.7333,219.1,14.62,14.99,3.2032,57.9,25.9,0.314753,0.321064
8.75,216.4,14.29,15.14,3.0924,58.6,26.6,0.315612,0.321933
8.7667,214.0,14.71,14.55,3.1479,58.3,26.3,0.316486,0.322668
8.7833,218.5,14.25,15.33,3.1136,58.6,26.6,0.317351,0.323853
8.8,217.1,14.68,14.79,3.187,58.3,26.3,0.318236,0.3247
8.8167,215.2,14.4,14.94,3.0989,58.2,26.2,0.319097,0.325491
8.8333,217.1,14.69,14.78,3.1892,58.9,26.9,0.319983,0.326392
8.85,221.1,14.44,15.31,3.1927,59.1,27.1,0.32087,0.327307
8.8667,214.6,14.38,14.92,3.0859,58.7,26.7,0.321727,0.328136
8.8833,217.5,14.57,14.93,3.169,58.7,26.7,0.322607,0.329173
8.9,215.9,14.55,14.84,3.1413,58.3,26.3,0.32348,0.330008
8.9167,218.1,14.34,15.21,3.1276,58.8,26.8,0.324348,0.330831
8.9333,214.3,14.38,14.9,3.0816,58.2,26.2,0.325204,0.331546
8.95,216.3,14.5,14.92,3.1364,58.3,26.3,0.326076,0.332684
8.9667,217.1,14.52,14.95,3.1523,58.7,26.7,0.326951,0.333594
8.9833,218.1,14.26,15.29,3.1101,58.0,26.0,0.327815,0.334292
9.0,218.0,14.65,14.88,3.1937,58.8,26.8,0.328702,0.335295
9.0167,214.7,14.71,14.6,3.1582,58.5,26.5,0.32958,0.336176
9.0333,218.5,14.81,14.75,3.236,58.9,26.9,0.330479,0.337012
9.05,217.7,14.84,14.67,3.2307,58.3,26.3,0.331376,0.338238
9.0667,215.7,14.29,15.09,3.0824,58.5,26.5,0.332232,0.338779
9.0833,217.4,14.58,14.91,3.1697,58.6,26.6,0.333113,0.339964
9.1,219.0,14.25,15.37,3.1208,58.3,26.3,0.33398,0.340805
9.1167,220.5,14.79,14.91,3.2612,58.5,26.5,0.334885,0.341467
9.1333,216.9,14.55,14.91,3.1559,58.1,26.1,0.335762,0.342551
9.15,219.2,14.36,15.26,3.1477,58.9,26.9,0.336636,0.343341
9.1667,216.6,14.51,14.93,3.1429,58.4,26.4,0.337509,0.344569
9.1833,217.1,14.36,15.12,3.1176,58.9,26.9,0.338375,0.345105
9.2,215.0,14.41,14.92,3.0981,58.9,26.9,0.339236,0.346092
9.2167,214.7,14.57,14.74,3.1282,58.7,26.7,0.340105,0.346936
9.2333,214.9,14.45,14.87,3.1053,58.6,26.6,0.340968,0.3477
9.25,217.1,14.51,14.96,3.1501,58.5,26.5,0.341843,0.348768
9.2667,217.8,14.49,15.03,3.1559,58.7,26.7,0.342719,0.349674
9.2833,216.5,14.36,15.08,3.1089,58.9,26.9,0.343583,0.35047
9.3,218.1,14.67,14.87,3.1995,58.5,26.5,0.344472,0.351449
9.3167,218.4,14.46,15.1,3.1581,59.2,27.2,0.345349,0.352365
9.3333,214.7,14.84,14.47,3.1861,58.4,26.4,0.346234,0.353132
9.35,217.6,14.44,15.07,3.1421,58.5,26.5,0.347107,0.354159
9.3667,217.6,14.65,14.85,3.1878,58.3,26.3,0.347992,0.355007
9.3833,217.5,14.6,14.9,3.1755,58.6,26.6,0.348874,0.355992
9.4,216.4,14.42,15.01,3.1205,58.8,26.8,0.349741,0.356789
9.4167,216.6,14.63,14.81,3.1689,58.2,26.2,0.350621,0.35751
9.4333,218.2,14.44,15.11,3.1508,58.9,26.9,0.351497,0.358345
9.45,216.9,14.58,14.88,3.1624,58.3,26.3,0.352375,0.359642
9.4667,218.2,14.54,15.01,3.1726,59.4,27.4,0.353256,0.360263
9.4833,219.2,14.44,15.18,3.1652,58.2,26.2,0.354135,0.361226
9.5,218.5,14.51,15.06,3.1704,58.7,26.7,0.355016,0.362025
9.5167,218.3,14.65,14.9,3.1981,58.3,26.3,0.355905,0.362954
9.5333,215.3,14.42,14.93,3.1046,59.0,27.0,0.356767,0.36387
9.55,215.4,14.46,14.9,3.1147,58.5,26.5,0.357632,0.364933
9.5667,214.6,14.61,14.69,3.1353,58.3,26.3,0.358503,0.365737
9.5833,216.2,14.43,14.98,3.1198,58.4,26.4,0.35937,0.366424
9.6,216.4,14.51,14.91,3.14,59.0,27.0,0.360242,0.36744
9.6167,218.0,14.36,15.18,3.1305,59.0,27.0,0.361111,0.36826
9.6333,216.3,14.24,15.19,3.0801,58.2,26.2,0.361967,0.369371
9.65,216.5,14.29,15.15,3.0938,59.1,27.1,0.362826,0.37017
9.6667,215.8,14.42,14.97,3.1118,58.6,26.6,0.363691,0.370941
9.6833,216.8,14.72,14.73,3.1913,58.2,26.2,0.364577,0.371967
9.7,216.7,14.66,14.78,3.1768,58.9,26.9,0.36546,0.372774
9.7167,216.9,14.32,15.15,3.106,58.3,26.3,0.366322,0.373586
9.7333,217.5,14.36,15.15,3.1233,58.7,26.7,0.36719,0.374402
9.75,217.0,14.36,15.11,3.1161,58.8,26.8,0.368056,0.375424
9.7667,218.9,14.17,15.45,3.1018,59.2,27.2,0.368917,0.376454
9.7833,218.0,14.58,14.95,3.1784,58.5,26.5,0.3698,0.377215
9.8,217.2,14.33,15.16,3.1125,58.2,26.2,0.370665,0.378137
9.8167,218.2,14.45,15.1,3.153,58.7,26.7,0.371541,0.378925
9.8333,215.2,14.63,14.71,3.1484,58.6,26.6,0.372415,0.37981
9.85,216.9,14.61,14.85,3.1689,58.7,26.7,0.373295,0.380814
9.8667,215.6,14.15,15.24,3.0507,58.7,26.7,0.374143,0.381727
9.8833,219.0,14.59,15.01,3.1952,58.6,26.6,0.37503,0.382541
9.9,216.3,14.43,14.99,3.1212,58.4,26.4,0.375897,0.383361
9.9167,216.0,14.47,14.93,3.1255,58.7,26.7,0.376766,0.384119
9.9333,217.3,14.56,14.92,3.1639,58.8,26.8,0.377644,0.385151
9.95,218.5,14.42,15.15,3.1508,58.6,26.6,0.37852,0.386289
9.9667,216.6,14.29,15.16,3.0952,58.3,26.3,0.379379,0.386888
9.9833,216.3,14.38,15.04,3.1104,58.9,26.9,0.380243,0.387734
10.0,214.8,14.59,14.72,3.1339,58.6,26.6,0.381114,0.388868
10.0167,217.4,14.57,14.92,3.1675,58.9,26.9,0.381994,0.389691
10.0333,219.1,14.59,15.02,3.1967,58.4,26.4,0.382882,0.390532
10.05,218.1,14.6,14.94,3.1843,58.9,26.9,0.383766,0.391572
10.0667,215.0,14.42,14.91,3.1003,59.1,27.1,0.384627,0.39232
10.0833,217.1,14.42,15.06,3.1306,58.6,26.6,0.385497,0.393308
10.1,217.5,14.63,14.87,3.182,58.9,26.9,0.386381,0.394112
10.1167,213.5,14.65,14.57,3.1278,58.3,26.3,0.38725,0.394991
10.1333,215.6,14.44,14.93,3.1133,58.9,26.9,0.388115,0.395779
10.15,217.2,14.53,14.95,3.1559,58.7,26.7,0.388991,0.396688
10.1667,218.8,14.47,15.12,3.166,58.9,26.9,0.389871,0.397764
10.1833,214.4,14.49,14.8,3.1067,58.6,26.6,0.390734,0.398533
10.2,218.7,14.7,14.88,3.2149,58.8,26.8,0.391627,0.399374
10.2167,216.6,14.52,14.92,3.145,58.6,26.6,0.3925,0.400227
10.2333,217.0,14.57,14.89,3.1617,58.9,26.9,0.393379,0.4011
10.25,222.5,14.33,15.53,3.1884,58.4,26.4,0.394264,0.402178
10.2667,215.5,14.57,14.79,3.1398,59.2,27.2,0.395136,0.403033
10.2833,219.7,14.52,15.13,3.19,58.5,26.5,0.396023,0.403894
10.3,214.9,14.45,14.87,3.1053,58.8,26.8,0.396885,0.40487
10.3167,218.0,14.53,15.0,3.1675,59.0,27.0,0.397765,0.405754
10.3333,218.8,14.46,15.13,3.1638,58.5,26.5,0.398644,0.406756
10.35,218.1,14.47,15.07,3.1559,59.3,27.3,0.39952,0.407284
10.3667,216.4,14.47,14.96,3.1313,59.2,27.2,0.40039,0.408357
10.3833,214.7,14.91,14.4,3.2012,58.8,26.8,0.401279,0.409266
10.4,216.2,14.58,14.83,3.1522,58.6,26.6,0.402155,0.410016
10.4167,214.8,14.52,14.79,3.1189,58.3,26.3,0.403021,0.411091
10.4333,218.5,14.48,15.09,3.1639,58.3,26.3,0.4039,0.41202
10.45,216.5,14.55,14.88,3.1501,58.5,26.5,0.404775,0.412863
10.4667,216.4,14.63,14.79,3.1659,59.0,27.0,0.405655,0.41374
10.4833,217.0,14.76,14.7,3.2029,58.7,26.7,0.406544,0.414514
10.5,217.6,14.29,15.23,3.1095,58.7,26.7,0.407408,0.415584
10.5167,216.8,14.4,15.06,3.1219,58.5,26.5,0.408275,0.41647
10.5333,219.8,14.47,15.19,3.1805,58.5,26.5,0.409159,0.417454
10.55,216.3,14.34,15.08,3.1017,58.5,26.5,0.41002,0.418347
10.5667,217.2,14.57,14.91,3.1646,58.8,26.8,0.410899,0.419009
10.5833,219.1,14.71,14.89,3.223,58.7,26.7,0.411795,0.420032
10.6,216.7,14.6,14.84,3.1638,58.7,26.7,0.412674,0.420878
10.6167,216.3,14.45,14.97,3.1255,59.0,27.0,0.413542,0.42178
10.6333,216.1,14.44,14.97,3.1205,58.3,26.3,0.414409,0.422853
10.65,218.3,14.58,14.97,3.1828,58.6,26.6,0.415293,0.423744
10.6667,219.2,14.52,15.1,3.1828,58.7,26.7,0.416177,0.424496
10.6833,217.1,14.42,15.06,3.1306,58.8,26.8,0.417046,0.425537
10.7,217.1,14.73,14.74,3.1979,59.1,27.1,0.417935,0.426022
10.7167,217.4,14.43,15.07,3.1371,59.0,27.0,0.418806,0.427225
10.7333,216.3,14.49,14.93,3.1342,58.5,26.5,0.419677,0.42826
10.75,219.0,14.67,14.93,3.2127,58.8,26.8,0.420569,0.428927
10.7667,217.0,14.58,14.88,3.1639,58.7,26.7,0.421448,0.429875
10.7833,215.7,14.41,14.97,3.1082,58.7,26.7,0.422311,0.430619
10.8,218.3,14.59,14.96,3.185,58.5,26.5,0.423196,0.431477
10.8167,217.4,14.56,14.93,3.1653,58.8,26.8,0.424075,0.432423
10.8333,219.6,14.21,15.45,3.1205,58.7,26.7,0.424942,0.433491
10.85,217.6,14.49,15.02,3.153,58.4,26.4,0.425818,0.43429
10.8667,215.4,14.3,15.06,3.0802,58.6,26.6,0.426674,0.435026
10.8833,215.9,14.43,14.96,3.1154,58.4,26.4,0.427539,0.436077
10.9,215.7,14.5,14.88,3.1276,59.4,27.4,0.428408,0.437048
10.9167,216.5,14.67,14.76,3.1761,59.0,27.0,0.42929,0.437952
10.9333,216.0,14.35,15.05,3.0996,59.7,27.7,0.430151,0.438713
10.95,216.7,14.57,14.87,3.1573,59.0,27.0,0.431028,0.439549
10.9667,218.7,14.35,15.24,3.1383,58.8,26.8,0.4319,0.44029
10.9833,216.7,14.5,14.94,3.1421,59.0,27.0,0.432773,0.44146
11.0,217.1,14.55,14.92,3.1588,58.9,26.9,0.43365,0.442208
11.0167,215.7,14.38,15.0,3.1018,58.4,26.4,0.434512,0.443281
11.0333,217.9,14.66,14.86,3.1944,58.6,26.6,0.435399,0.444053
11.05,218.7,14.43,15.16,3.1558,58.9,26.9,0.436276,0.445175
11.0667,216.7,14.35,15.1,3.1096,58.4,26.4,0.437139,0.44574
11.0833,216.5,14.48,14.95,3.1349,58.6,26.6,0.43801,0.446617
11.1,216.6,14.53,14.91,3.1472,59.1,27.1,0.438884,0.447717
11.1167,217.6,14.3,15.22,3.1117,58.6,26.6,0.439749,0.448697
11.1333,216.2,14.5,14.91,3.1349,58.7,26.7,0.44062,0.449282
11.15,220.2,14.69,14.99,3.2347,58.3,26.3,0.441518,0.450323
11.1667,216.1,14.48,14.92,3.1291,59.2,27.2,0.442387,0.45136
11.1833,220.1,14.46,15.22,3.1826,58.8,26.8,0.443271,0.452113
11.2,215.9,14.54,14.85,3.1392,59.2,27.2,0.444143,0.453088
11.2167,216.7,14.45,15.0,3.1313,58.5,26.5,0.445013,0.45394
11.2333,217.0,14.31,15.16,3.1053,58.6,26.6,0.445876,0.45485
11.25,218.2,14.66,14.88,3.1988,58.8,26.8,0.446764,0.455629
11.2667,217.0,14.46,15.01,3.1378,59.0,27.0,0.447636,0.456532
11.2833,217.3,14.35,15.14,3.1183,59.2,27.2,0.448502,0.457659
11.3,215.5,14.62,14.74,3.1506,59.2,27.2,0.449377,0.45828
11.3167,217.6,14.38,15.13,3.1291,58.4,26.4,0.450247,0.459332
11.3333,217.6,14.49,15.02,3.153,58.6,26.6,0.451122,0.460229
11.35,216.5,14.58,14.85,3.1566,59.1,27.1,0.451999,0.460773
11.3667,216.8,14.55,14.9,3.1544,58.6,26.6,0.452875,0.461951
11.3833,215.9,14.57,14.82,3.1457,58.8,26.8,0.453749,0.46282
11.4,218.8,14.56,15.03,3.1857,58.7,26.7,0.454634,0.463858
11.4167,217.5,14.3,15.21,3.1103,58.3,26.3,0.455498,0.464615
11.4333,220.0,14.61,15.06,3.2142,58.8,26.8,0.456391,0.465444
11.45,217.1,14.65,14.82,3.1805,58.9,26.9,0.457274,0.466512
11.4667,214.4,14.66,14.62,3.1431,58.8,26.8,0.458147,0.467309
11.4833,214.6,14.34,14.97,3.0774,58.8,26.8,0.459002,0.468136
11.5,216.8,14.39,15.07,3.1198,58.7,26.7,0.459869,0.469068
11.5167,217.0,14.74,14.72,3.1986,59.4,27.4,0.460757,0.470097
11.5333,215.9,14.65,14.74,3.1629,58.7,26.7,0.461636,0.470777
11.55,216.9,14.56,14.9,3.1581,59.0,27.0,0.462513,0.471794
11.5667,216.5,14.53,14.9,3.1457,58.5,26.5,0.463387,0.472611
11.5833,216.8,14.61,14.84,3.1674,58.8,26.8,0.464267,0.473639
11.6,214.8,14.57,14.74,3.1296,58.8,26.8,0.465136,0.474352
11.6167,217.6,14.49,15.02,3.153,59.0,27.0,0.466012,0.475499
11.6333,216.6,14.42,15.02,3.1234,59.0,27.0,0.46688,0.476313
11.65,218.0,14.35,15.19,3.1283,59.0,27.0,0.467749,0.477089
11.6667,218.1,14.46,15.08,3.1537,59.0,27.0,0.468625,0.478037
11.6833,214.4,14.39,14.9,3.0852,58.8,26.8,0.469482,0.478844
11.7,215.9,14.57,14.82,3.1457,59.0,27.0,0.470355,0.479804
11.7167,218.4,14.39,15.18,3.1428,58.7,26.7,0.471228,0.480583
11.7333,217.0,14.54,14.92,3.1552,58.6,26.6,0.472105,0.481609
11.75,215.9,14.5,14.89,3.1306,58.3,26.3,0.472975,0.482477
11.7667,217.2,14.51,14.97,3.1516,59.3,27.3,0.47385,0.483078
11.7833,219.0,14.69,14.91,3.2171,58.6,26.6,0.474744,0.48434
11.8,215.4,14.38,14.98,3.0975,58.8,26.8,0.475604,0.485299
11.8167,217.1,14.55,14.92,3.1588,59.1,27.1,0.476481,0.485949
11.8333,219.4,14.72,14.9,3.2296,59.0,27.0,0.477379,0.486847
11.85,217.4,14.66,14.83,3.1871,59.0,27.0,0.478264,0.487943
11.8667,215.6,14.57,14.8,3.1413,59.3,27.3,0.479136,0.488747
11.8833,217.9,14.55,14.98,3.1704,58.9,26.9,0.480017,0.489692
11.9,216.7,14.53,14.91,3.1487,58.7,26.7,0.480892,0.490458
11.9167,218.5,14.46,15.11,3.1595,58.8,26.8,0.481769,0.491394
11.9333,217.8,14.48,15.04,3.1537,59.1,27.1,0.482645,0.492496
11.95,216.7,14.29,15.16,3.0966,59.0,27.0,0.483506,0.493007
11.9667,216.8,14.76,14.69,3.2,58.6,26.6,0.484395,0.494179
11.9833,217.3,14.17,15.34,3.0791,58.6,26.6,0.48525,0.494953
12.0,218.2,14.56,14.99,3.177,59.0,27.0,0.486132,0.496064
12.0167,216.5,14.51,14.92,3.1414,59.2,27.2,0.487005,0.496738
12.0333,211.1,14.56,14.5,3.0736,59.0,27.0,0.487859,0.497608
12.05,216.0,14.43,14.97,3.1169,59.1,27.1,0.488725,0.498295
12.0667,218.7,14.97,14.61,3.2739,59.0,27.0,0.489634,0.499617
12.0833,215.7,14.54,14.83,3.1363,59.2,27.2,0.490505,0.500152
12.1,218.8,14.59,15.0,3.1923,59.0,27.0,0.491392,0.501075
12.1167,216.8,14.53,14.92,3.1501,58.6,26.6,0.492267,0.501881
12.1333,216.2,14.32,15.1,3.096,59.2,27.2,0.493127,0.503265
12.15,215.8,14.63,14.75,3.1572,58.7,26.7,0.494004,0.503992
12.1667,217.6,14.59,14.91,3.1748,58.9,26.9,0.494886,0.504903
12.1833,217.0,14.84,14.62,3.2203,58.9,26.9,0.49578,0.505746
12.2,213.7,14.43,14.81,3.0837,59.0,27.0,0.496637,0.506496
12.2167,217.3,14.7,14.78,3.1943,59.3,27.3,0.497524,0.507389
12.2333,214.6,14.67,14.63,3.1482,59.2,27.2,0.498399,0.508343
12.25,216.5,14.64,14.79,3.1696,59.1,27.1,0.499279,0.509315
12.2667,217.7,14.56,14.95,3.1697,59.4,27.4,0.50016,0.510107
12.2833,216.5,14.71,14.72,3.1847,59.2,27.2,0.501044,0.511299
12.3,213.8,14.38,14.87,3.0744,58.9,26.9,0.501898,0.511867
12.3167,216.5,14.42,15.01,3.1219,58.7,26.7,0.502765,0.512964
12.3333,218.7,14.67,14.91,3.2083,59.6,27.6,0.503657,0.513653
12.35,220.0,14.13,15.57,3.1086,59.0,27.0,0.50452,0.514605
12.3667,215.0,14.23,15.11,3.0595,59.1,27.1,0.50537,0.515463
12.3833,215.6,14.18,15.2,3.0572,59.2,27.2,0.506219,0.516471
12.4,221.3,14.53,15.23,3.2155,59.2,27.2,0.507112,0.517436
12.4167,218.2,14.7,14.84,3.2075,58.5,26.5,0.508003,0.518003
12.4333,217.4,14.39,15.11,3.1284,58.9,26.9,0.508872,0.519087
12.45,217.7,14.5,15.01,3.1566,59.2,27.2,0.509749,0.519945
12.4667,213.1,14.46,14.74,3.0814,59.2,27.2,0.510605,0.52074
12.4833,218.3,14.36,15.2,3.1348,59.2,27.2,0.511476,0.521773
12.5,215.4,14.64,14.71,3.1535,58.8,26.8,0.512352,0.522544
12.5167,218.3,14.76,14.79,3.2221,58.8,26.8,0.513247,0.523596
12.5333,216.8,14.56,14.89,3.1566,59.0,27.0,0.514124,0.524491
12.55,215.1,14.48,14.85,3.1146,59.0,27.0,0.514989,0.525262
12.5667,215.8,14.33,15.06,3.0924,58.8,26.8,0.515848,0.526168
12.5833,216.7,14.58,14.86,3.1595,59.0,27.0,0.516726,0.527023
12.6,217.6,14.58,14.92,3.1726,59.1,27.1,0.517607,0.528103
12.6167,214.6,14.46,14.84,3.1031,58.9,26.9,0.518469,0.528919
12.6333,217.5,14.5,15.0,3.1538,58.4,26.4,0.519345,0.529648
12.65,218.2,14.58,14.97,3.1814,58.7,26.7,0.520229,0.53067
12.6667,215.3,14.39,14.96,3.0982,58.9,26.9,0.521089,0.531533
12.6833,218.1,14.56,14.98,3.1755,59.4,27.4,0.521971,0.532506
12.7,218.4,14.45,15.11,3.1559,58.5,26.5,0.522848,0.533315
12.7167,218.0,14.66,14.87,3.1959,59.2,27.2,0.523736,0.534401
12.7333,218.2,14.39,15.16,3.1399,58.9,26.9,0.524608,0.535212
12.75,218.2,14.52,15.03,3.1683,59.4,27.4,0.525488,0.536061
12.7667,216.4,14.47,14.96,3.1313,58.7,26.7,0.526358,0.536989
12.7833,216.6,14.7,14.73,3.184,58.4,26.4,0.527242,0.537724
12.8,215.6,14.57,14.8,3.1413,58.3,26.3,0.528115,0.538633
12.8167,217.5,14.19,15.33,3.0863,58.8,26.8,0.528972,0.539558
12.8333,215.6,14.69,14.68,3.1672,58.3,26.3,0.529852,0.540446
12.85,214.9,14.57,14.75,3.1311,58.8,26.8,0.530722,0.541301
12.8667,216.1,14.5,14.9,3.1334,59.7,27.7,0.531592,0.542198
12.8833,216.3,14.53,14.89,3.1428,58.1,26.1,0.532465,0.543252
12.9,219.0,14.03,15.61,3.0726,58.5,26.5,0.533319,0.543849
12.9167,220.3,14.48,15.21,3.1899,59.0,27.0,0.534205,0.54487
12.9333,218.0,14.38,15.16,3.1348,58.8,26.8,0.535075,0.545848
12.95,217.8,14.21,15.33,3.0949,59.0,27.0,0.535935,0.546518
12.9667,216.8,14.35,15.11,3.1111,58.8,26.8,0.536799,0.547564
12.9833,215.7,14.28,15.11,3.0802,59.6,27.6,0.537655,0.548324
13.0,216.7,14.44,15.01,3.1291,58.8,26.8,0.538524,0.549415
13.0167,218.3,14.41,15.15,3.1457,58.7,26.7,0.539398,0.550263
13.0333,216.7,14.47,14.98,3.1356,58.9,26.9,0.540269,0.551129
13.05,215.5,14.32,15.05,3.086,59.5,27.5,0.541126,0.551999
13.0667,218.0,14.45,15.09,3.1501,58.9,26.9,0.542001,0.552616
13.0833,216.8,14.52,14.93,3.1479,59.0,27.0,0.542876,0.553656
13.1,218.7,14.47,15.11,3.1646,58.9,26.9,0.543755,0.554587
13.1167,216.4,14.55,14.87,3.1486,59.3,27.3,0.544629,0.555504
13.1333,215.9,14.55,14.84,3.1413,58.6,26.6,0.545502,0.556484
13.15,218.0,14.54,14.99,3.1697,59.2,27.2,0.546382,0.557163
13.1667,214.0,14.52,14.74,3.1073,59.1,27.1,0.547245,0.558082
13.1833,218.1,14.57,14.97,3.1777,58.8,26.8,0.548128,0.559088
13.2,214.5,14.68,14.61,3.1489,59.1,27.1,0.549003,0.559995
13.2167,214.5,14.64,14.65,3.1403,58.9,26.9,0.549875,0.560983
13.2333,215.8,14.7,14.68,3.1723,58.9,26.9,0.550756,0.561956
13.25,216.9,14.29,15.18,3.0995,59.0,27.0,0.551617,0.562667
13.2667,218.4,14.36,15.21,3.1362,59.2,27.2,0.552488,0.56372
13.2833,216.3,14.38,15.04,3.1104,59.3,27.3,0.553352,0.564601
13.3,214.7,14.5,14.81,3.1131,58.9,26.9,0.554217,0.565398
13.3167,218.7,14.6,14.98,3.193,59.5,27.5,0.555104,0.566163
13.3333,215.2,14.36,14.99,3.0903,58.9,26.9,0.555963,0.567184
13.35,217.3,14.76,14.72,3.2073,58.9,26.9,0.556853,0.567977
13.3667,215.9,14.68,14.71,3.1694,58.9,26.9,0.557734,0.568881
13.3833,219.7,14.5,15.15,3.1856,58.7,26.7,0.558619,0.570037
13.4,215.8,14.4,14.99,3.1075,58.7,26.7,0.559482,0.570736
13.4167,218.7,14.5,15.08,3.1711,58.7,26.7,0.560363,0.571403
13.4333,217.4,14.44,15.06,3.1393,58.5,26.5,0.561235,0.572449
13.45,215.8,14.58,14.8,3.1464,58.7,26.7,0.562109,0.573241
13.4667,217.7,14.48,15.03,3.1523,59.8,27.8,0.562984,0.574361
13.4833,214.7,14.31,15.0,3.0724,58.9,26.9,0.563838,0.575272
13.5,216.2,14.6,14.81,3.1565,59.3,27.3,0.564715,0.576147
13.5167,215.4,14.72,14.63,3.1707,59.1,27.1,0.565595,0.576779
13.5333,215.1,14.38,14.96,3.0931,58.9,26.9,0.566455,0.57764
13.55,217.0,14.62,14.84,3.1725,58.7,26.7,0.567336,0.578731
13.5667,217.5,14.73,14.77,3.2038,58.8,26.8,0.568226,0.579562
13.5833,215.9,14.48,14.91,3.1262,58.4,26.4,0.569094,0.580438
13.6,215.8,14.69,14.69,3.1701,58.4,26.4,0.569975,0.581365
13.6167,214.4,14.67,14.61,3.1452,59.0,27.0,0.570849,0.582307
13.6333,217.8,14.58,14.94,3.1755,59.1,27.1,0.571731,0.583007
13.65,219.1,14.59,15.02,3.1967,58.9,26.9,0.572619,0.584108
13.6667,219.0,14.35,15.26,3.1427,58.8,26.8,0.573492,0.585126
13.6833,218.0,14.44,15.1,3.1479,58.8,26.8,0.574366,0.586041
13.7,217.6,14.2,15.32,3.0899,58.3,26.3,0.575224,0.586608
13.7167,218.4,14.78,14.78,3.228,58.4,26.4,0.576121,0.587643
13.7333,217.9,14.41,15.12,3.1399,59.5,27.5,0.576993,0.588598
13.75,217.8,14.57,14.95,3.1733,58.6,26.6,0.577875,0.589502
13.7667,216.1,14.64,14.76,3.1637,58.8,26.8,0.578753,0.590473
13.7833,215.3,14.53,14.82,3.1283,58.8,26.8,0.579622,0.591169
13.8,216.9,14.49,14.97,3.1429,58.9,26.9,0.580495,0.592273
13.8167,219.2,14.62,14.99,3.2047,58.5,26.5,0.581386,0.593024
13.8333,218.1,14.68,14.86,3.2017,58.8,26.8,0.582275,0.593845
13.85,216.7,14.64,14.8,3.1725,59.2,27.2,0.583156,0.594835
13.8667,217.2,14.48,15.0,3.1451,58.7,26.7,0.58403,0.595881
13.8833,219.1,14.58,15.03,3.1945,58.8,26.8,0.584917,0.596561
13.9,215.7,14.45,14.93,3.1169,59.2,27.2,0.585783,0.59757
13.9167,216.5,14.42,15.01,3.1219,59.1,27.1,0.58665,0.598308
13.9333,219.3,14.44,15.19,3.1667,58.7,26.7,0.58753,0.599229
13.95,213.8,14.88,14.37,3.1813,58.6,26.6,0.588414,0.600362
13.9667,217.7,14.44,15.08,3.1436,59.6,27.6,0.589287,0.601001
13.9833,217.6,14.41,15.1,3.1356,58.9,26.9,0.590158,0.601908
14.0,215.0,14.48,14.85,3.1132,59.1,27.1,0.591023,0.602926
14.0167,216.7,14.48,14.97,3.1378,59.1,27.1,0.591894,0.603678
14.0333,216.9,14.45,15.01,3.1342,59.4,27.4,0.592765,0.604615
14.05,216.8,14.48,14.97,3.1393,58.9,26.9,0.593637,0.605413
14.0667,218.3,14.36,15.2,3.1348,58.8,26.8,0.594508,0.606407
14.0833,215.0,14.43,14.9,3.1024,58.8,26.8,0.595369,0.607416
14.1,216.0,14.44,14.96,3.119,58.8,26.8,0.596236,0.608127
14.1167,216.4,14.53,14.89,3.1443,58.9,26.9,0.597109,0.609002
14.1333,217.5,14.55,14.95,3.1646,59.0,27.0,0.597988,0.610011
14.15,218.8,14.49,15.1,3.1704,59.1,27.1,0.598869,0.610995
14.1667,217.4,14.49,15.0,3.1501,58.8,26.8,0.599744,0.61174
14.1833,216.5,14.62,14.81,3.1652,59.4,27.4,0.600623,0.612638
14.2,215.4,14.74,14.61,3.175,58.9,26.9,0.601505,0.613486
14.2167,218.0,14.65,14.88,3.1937,59.0,27.0,0.602392,0.614394
14.2333,218.1,14.5,15.04,3.1624,59.2,27.2,0.603271,0.61533
14.25,217.2,14.43,15.05,3.1342,59.0,27.0,0.604141,0.616249
14.2667,219.6,14.43,15.22,3.1688,58.8,26.8,0.605021,0.617273
14.2833,218.4,14.71,14.85,3.2127,59.5,27.5,0.605914,0.618088
14.3,216.2,14.45,14.96,3.1241,58.8,26.8,0.606782,0.619001
14.3167,214.9,14.28,15.05,3.0688,59.4,27.4,0.607634,0.619888
14.3333,218.4,14.56,15.0,3.1799,59.2,27.2,0.608517,0.620669
14.35,218.9,14.28,15.33,3.1259,59.1,27.1,0.609386,0.621436
14.3667,216.3,14.52,14.9,3.1407,58.9,26.9,0.610258,0.622431
14.3833,216.7,14.58,14.86,3.1595,58.6,26.6,0.611136,0.623426
14.4,214.9,14.57,14.75,3.1311,59.1,27.1,0.612006,0.624334
14.4167,217.3,14.48,15.01,3.1465,58.8,26.8,0.61288,0.624962
14.4333,216.9,14.58,14.88,3.1624,59.1,27.1,0.613758,0.62601
14.45,217.2,14.46,15.02,3.1407,59.0,27.0,0.61463,0.62701
14.4667,214.8,14.44,14.88,3.1017,59.0,27.0,0.615492,0.627672
14.4833,215.4,14.12,15.25,3.0414,58.9,26.9,0.616337,0.628584
14.5,216.7,14.27,15.19,3.0923,59.4,27.4,0.617196,0.629623
14.5167,218.4,14.5,15.06,3.1668,58.9,26.9,0.618075,0.630349
14.5333,215.4,14.6,14.75,3.1448,59.1,27.1,0.618949,0.631325
14.55,216.3,14.45,14.97,3.1255,59.3,27.3,0.619817,0.632055
14.5667,216.6,14.54,14.9,3.1494,58.8,26.8,0.620692,0.63311
14.5833,216.9,14.55,14.91,3.1559,59.1,27.1,0.621569,0.634142
14.6,217.6,14.41,15.1,3.1356,58.5,26.5,0.62244,0.634934
14.6167,217.9,14.22,15.32,3.0985,58.8,26.8,0.6233,0.635783
14.6333,217.0,14.28,15.2,3.0988,59.2,27.2,0.624161,0.636706
14.65,217.0,14.5,14.97,3.1465,59.3,27.3,0.625035,0.63761
14.6667,216.1,14.41,15.0,3.114,58.8,26.8,0.6259,0.638415
14.6833,213.8,14.33,14.92,3.0638,58.9,26.9,0.626751,0.639312
14.7,218.6,14.53,15.04,3.1763,58.6,26.6,0.627634,0.640135
14.7167,217.4,14.28,15.22,3.1045,59.0,27.0,0.628496,0.641018
14.7333,215.9,14.51,14.88,3.1327,58.7,26.7,0.629366,0.642112
14.75,216.7,14.62,14.82,3.1682,58.5,26.5,0.630246,0.64283
14.7667,217.3,14.59,14.89,3.1704,59.3,27.3,0.631127,0.643872
14.7833,216.3,14.49,14.93,3.1342,58.8,26.8,0.631997,0.644596
14.8,216.4,14.64,14.78,3.1681,58.5,26.5,0.632877,0.645582
14.8167,216.3,14.49,14.93,3.1342,58.4,26.4,0.633748,0.64654
14.8333,215.3,14.6,14.75,3.1434,59.0,27.0,0.634621,0.647205
14.85,213.9,14.3,14.96,3.0588,59.2,27.2,0.635471,0.648268
14.8667,216.9,14.45,15.01,3.1342,59.5,27.5,0.636342,0.648993
14.8833,217.2,14.32,15.17,3.1103,59.2,27.2,0.637206,0.64992
14.9,215.8,14.29,15.1,3.0838,59.2,27.2,0.638062,0.650895
14.9167,215.2,14.25,15.1,3.0666,58.7,26.7,0.638914,0.65169
14.9333,216.6,14.83,14.61,3.2122,59.0,27.0,0.639806,0.652523
14.95,216.1,14.89,14.51,3.2177,58.8,26.8,0.6407,0.65353
14.9667,218.2,14.3,15.26,3.1203,59.0,27.0,0.641567,0.654314
14.9833,214.2,14.41,14.86,3.0866,58.8,26.8,0.642424,0.655045
15.0,216.3,14.43,14.99,3.1212,58.8,26.8,0.643291,0.656099
15.0167,218.9,14.37,15.23,3.1456,59.4,27.4,0.644165,0.657031
15.0333,216.5,14.67,14.76,3.1761,58.9,26.9,0.645047,0.657865
15.05,217.9,14.6,14.92,3.1813,58.6,26.6,0.645931,0.658866
15.0667,215.6,14.42,14.95,3.109,59.0,27.0,0.646795,0.659539
15.0833,219.8,14.43,15.23,3.1717,59.1,27.1,0.647676,0.660516
15.1,217.1,14.58,14.89,3.1653,58.9,26.9,0.648555,0.661467
15.1167,216.1,14.5,14.9,3.1334,58.9,26.9,0.649425,0.662488
15.1333,215.1,14.62,14.71,3.1448,58.9,26.9,0.650299,0.663465
15.15,217.6,14.77,14.73,3.214,59.5,27.5,0.651192,0.664336
15.1667,214.0,14.48,14.78,3.0987,59.0,27.0,0.652052,0.664965
15.1833,219.6,14.52,15.12,3.1886,59.1,27.1,0.652938,0.665918
15.2,214.1,14.32,14.95,3.0659,58.4,26.4,0.65379,0.667028
15.2167,216.8,14.63,14.82,3.1718,59.0,27.0,0.654671,0.667759
15.2333,219.1,14.5,15.11,3.1769,59.1,27.1,0.655553,0.668466
15.25,214.1,14.66,14.6,3.1387,58.9,26.9,0.656425,0.669415
15.2667,215.1,14.51,14.82,3.1211,58.6,26.6,0.657292,0.670333
15.2833,216.7,14.62,14.82,3.1682,59.2,27.2,0.658172,0.671472
15.3,217.9,14.54,14.99,3.1683,58.7,26.7,0.659052,0.672225
15.3167,217.8,14.33,15.2,3.1211,59.3,27.3,0.659919,0.673214
15.3333,218.3,14.5,15.06,3.1654,59.0,27.0,0.660798,0.673958
15.35,218.1,14.58,14.96,3.1799,59.7,27.7,0.661682,0.674988
15.3667,215.5,14.33,15.04,3.0881,58.6,26.6,0.662539,0.675798
15.3833,219.0,14.34,15.27,3.1405,58.9,26.9,0.663412,0.676744
15.4,217.5,14.52,14.98,3.1581,58.7,26.7,0.664289,0.677572
15.4167,216.8,14.44,15.01,3.1306,59.0,27.0,0.665159,0.67853
15.4333,218.2,14.43,15.12,3.1486,59.1,27.1,0.666033,0.679518
15.45,216.0,14.0,15.43,3.024,59.4,27.4,0.666873,0.679959
15.4667,217.1,14.72,14.75,3.1957,58.4,26.4,0.667761,0.681189
15.4833,215.6,14.34,15.03,3.0917,59.4,27.4,0.66862,0.681954
15.5,220.0,14.36,15.32,3.1592,59.3,27.3,0.669497,0.682854
15.5167,216.7,14.38,15.07,3.1161,59.5,27.5,0.670363,0.683672
15.5333,218.9,14.31,15.3,3.1325,58.9,26.9,0.671233,0.684668
15.55,216.4,14.58,14.84,3.1551,58.3,26.3,0.67211,0.685531
15.5667,220.3,14.69,15.0,3.2362,59.0,27.0,0.673008,0.686466
15.5833,217.9,14.7,14.82,3.2031,59.1,27.1,0.673898,0.687178
15.6,217.3,14.44,15.05,3.1378,58.5,26.5,0.67477,0.688229
15.6167,216.6,14.76,14.67,3.197,58.6,26.6,0.675658,0.688982
15.6333,216.1,14.5,14.9,3.1334,58.7,26.7,0.676528,0.690082
15.65,217.3,14.54,14.94,3.1595,59.1,27.1,0.677406,0.690831
15.6667,216.5,14.4,15.03,3.1176,59.0,27.0,0.678272,0.691936
15.6833,215.8,14.39,15.0,3.1054,59.4,27.4,0.679135,0.692733
15.7,216.5,14.29,15.15,3.0938,58.6,26.6,0.679994,0.69348
15.7167,215.8,14.3,15.09,3.0859,59.6,27.6,0.680851,0.694569
15.7333,218.6,14.71,14.86,3.2156,59.0,27.0,0.681744,0.69542
15.75,215.4,14.52,14.83,3.1276,58.7,26.7,0.682613,0.696355
15.7667,217.3,14.32,15.17,3.1117,59.2,27.2,0.683477,0.697222
15.7833,215.2,14.56,14.78,3.1333,59.2,27.2,0.684348,0.698021
15.8,214.0,14.35,14.91,3.0709,59.1,27.1,0.685201,0.69875
15.8167,219.6,14.24,15.42,3.1271,58.6,26.6,0.68607,0.699749
15.8333,217.1,14.51,14.96,3.1501,58.7,26.7,0.686945,0.700613
15.85,216.6,14.62,14.82,3.1667,59.0,27.0,0.687824,0.701364
15.8667,218.3,14.41,15.15,3.1457,58.8,26.8,0.688698,0.702377
15.8833,217.9,14.56,14.97,3.1726,59.1,27.1,0.689579,0.703314
15.9,219.4,14.61,15.02,3.2054,59.4,27.4,0.69047,0.704123
15.9167,215.0,14.94,14.39,3.2121,58.6,26.6,0.691362,0.70522
15.9333,217.5,14.49,15.01,3.1516,59.4,27.4,0.692237,0.706175
15.95,217.1,14.37,15.11,3.1197,59.3,27.3,0.693104,0.707071
15.9667,218.2,14.67,14.87,3.201,59.2,27.2,0.693993,0.707822
15.9833,217.6,14.3,15.22,3.1117,58.9,26.9,0.694857,0.708879
16.0,216.4,14.37,15.06,3.1097,58.9,26.9,0.695721,0.709732
16.0167,217.0,14.61,14.85,3.1704,59.1,27.1,0.696602,0.710695
16.0333,218.1,14.24,15.32,3.1057,59.3,27.3,0.697465,0.711535
16.05,215.8,14.62,14.76,3.155,58.8,26.8,0.698341,0.712374
16.0667,216.7,14.41,15.04,3.1226,58.5,26.5,0.699208,0.713073
16.0833,216.4,14.55,14.87,3.1486,58.8,26.8,0.700083,0.714066
16.1,216.6,14.55,14.89,3.1515,59.1,27.1,0.700958,0.714986
16.1167,217.0,14.46,15.01,3.1378,58.7,26.7,0.70183,0.715816
16.1333,215.3,14.22,15.14,3.0616,58.6,26.6,0.70268,0.716694
16.15,217.0,14.67,14.79,3.1834,59.0,27.0,0.703565,0.717542
16.1667,219.5,14.54,15.1,3.1915,59.0,27.0,0.704451,0.718458
16.1833,217.4,14.33,15.17,3.1153,58.7,26.7,0.705317,0.719494
16.2,214.5,14.35,14.95,3.0781,59.1,27.1,0.706172,0.720166
16.2167,218.6,14.59,14.98,3.1894,58.8,26.8,0.707058,0.72122
16.2333,216.3,14.71,14.7,3.1818,59.5,27.5,0.707941,0.722067
16.25,217.1,14.36,15.12,3.1176,59.1,27.1,0.708807,0.723097
16.2667,217.6,14.63,14.87,3.1835,59.2,27.2,0.709692,0.723904
16.2833,216.2,14.62,14.79,3.1608,58.7,26.7,0.71057,0.724802
16.3,218.2,14.9,14.64,3.2512,58.8,26.8,0.711473,0.725842
16.3167,216.6,14.22,15.23,3.0801,59.1,27.1,0.712328,0.726508
16.3333,216.7,14.41,15.04,3.1226,58.8,26.8,0.713196,0.727381
16.35,214.7,14.34,14.97,3.0788,58.7,26.7,0.714051,0.728322
16.3667,216.0,14.65,14.74,3.1644,58.6,26.6,0.71493,0.729389
16.3833,217.1,14.33,15.15,3.111,58.7,26.7,0.715794,0.730038
16.4,217.7,14.56,14.95,3.1697,59.4,27.4,0.716675,0.731075
16.4167,217.9,14.52,15.01,3.1639,58.7,26.7,0.717554,0.732026
16.4333,217.7,14.58,14.93,3.1741,59.2,27.2,0.718435,0.732656
16.45,217.2,14.33,15.16,3.1125,59.0,27.0,0.7193,0.733743
16.4667,216.7,14.52,14.92,3.1465,59.4,27.4,0.720174,0.734612
16.4833,218.8,14.61,14.98,3.1967,59.4,27.4,0.721062,0.735515
16.5,217.4,14.61,14.88,3.1762,59.3,27.3,0.721944,0.736611
16.5167,215.9,14.34,15.06,3.096,59.5,27.5,0.722804,0.737279
16.5333,216.0,14.44,14.96,3.119,59.3,27.3,0.723671,0.7382
16.55,216.9,14.8,14.66,3.2101,59.3,27.3,0.724562,0.739219
16.5667,215.4,14.28,15.08,3.0759,59.1,27.1,0.725417,0.739868
16.5833,216.0,14.44,14.96,3.119,58.9,26.9,0.726283,0.740718
16.6,217.6,14.31,15.21,3.1139,59.0,27.0,0.727148,0.741789
16.6167,217.6,14.58,14.92,3.1726,59.2,27.2,0.728029,0.742498
16.6333,217.4,14.43,15.07,3.1371,59.3,27.3,0.728901,0.743543
16.65,216.7,14.47,14.98,3.1356,59.1,27.1,0.729772,0.744251
16.6667,218.2,14.63,14.91,3.1923,59.3,27.3,0.730658,0.745371
16.6833,214.2,14.65,14.62,3.138,59.1,27.1,0.73153,0.746018
16.7,216.8,14.36,15.1,3.1132,59.3,27.3,0.732395,0.747076
16.7167,219.7,14.53,15.12,3.1922,59.1,27.1,0.733282,0.747852
16.7333,215.7,14.29,15.09,3.0824,59.0,27.0,0.734138,0.748666
16.75,217.5,14.57,14.93,3.169,58.8,26.8,0.735018,0.749729
16.7667,216.1,14.58,14.82,3.1507,59.2,27.2,0.735893,0.750539
16.7833,219.2,14.59,15.02,3.1981,59.1,27.1,0.736782,0.75139
16.8,217.1,14.51,14.96,3.1501,58.7,26.7,0.737657,0.752284
16.8167,218.3,14.44,15.12,3.1523,59.2,27.2,0.738532,0.753423
16.8333,219.9,14.49,15.18,3.1864,58.7,26.7,0.739417,0.75425
16.85,219.2,14.46,15.16,3.1696,59.0,27.0,0.740298,0.755001
16.8667,215.3,14.54,14.81,3.1305,58.7,26.7,0.741167,0.756083
16.8833,218.3,14.5,15.06,3.1654,58.7,26.7,0.742047,0.757017
16.9,214.1,14.47,14.8,3.098,58.7,26.7,0.742907,0.757626
16.9167,217.8,14.28,15.25,3.1102,59.1,27.1,0.743771,0.758706
16.9333,217.8,14.39,15.14,3.1341,58.5,26.5,0.744642,0.759486
16.95,216.1,14.48,14.92,3.1291,59.0,27.0,0.745511,0.760419
16.9667,217.5,14.57,14.93,3.169,59.3,27.3,0.746391,0.761271
16.9833,217.4,14.6,14.89,3.174,59.1,27.1,0.747273,0.762232
17.0,219.9,14.18,15.51,3.1182,58.7,26.7,0.748139,0.763022
17.0167,215.0,14.45,14.88,3.1067,59.5,27.5,0.749002,0.76392
17.0333,215.8,14.4,14.99,3.1075,59.1,27.1,0.749865,0.765002
17.05,215.8,14.54,14.84,3.1377,59.4,27.4,0.750737,0.76578
17.0667,216.9,14.39,15.07,3.1212,59.0,27.0,0.751604,0.76666
17.0833,217.0,14.5,14.97,3.1465,59.5,27.5,0.752478,0.767811
17.1,215.6,14.53,14.84,3.1327,58.7,26.7,0.753348,0.768496
17.1167,216.7,14.26,15.2,3.0901,59.1,27.1,0.754206,0.769309
17.1333,219.8,14.44,15.22,3.1739,59.2,27.2,0.755088,0.770143
17.15,216.7,14.62,14.82,3.1682,58.8,26.8,0.755968,0.771047
17.1667,216.2,14.68,14.73,3.1738,59.0,27.0,0.75685,0.772089
17.1833,217.4,14.55,14.94,3.1632,58.8,26.8,0.757728,0.773116
17.2,213.4,14.62,14.6,3.1199,59.4,27.4,0.758595,0.773638
17.2167,216.0,14.29,15.12,3.0866,59.4,27.4,0.759452,0.774614
17.2333,214.5,14.53,14.76,3.1167,59.3,27.3,0.760318,0.775498
17.25,217.5,14.31,15.2,3.1124,59.1,27.1,0.761183,0.776415
17.2667,217.9,14.69,14.83,3.201,59.4,27.4,0.762072,0.777308
17.2833,218.3,14.52,15.03,3.1697,59.3,27.3,0.762952,0.778178
17.3,217.2,14.78,14.7,3.2102,59.0,27.0,0.763844,0.779165
17.3167,214.5,14.37,14.93,3.0824,59.6,27.6,0.7647,0.780101
17.3333,217.2,14.36,15.13,3.119,59.2,27.2,0.765567,0.780829
17.35,216.3,14.71,14.7,3.1818,59.3,27.3,0.766451,0.781717
17.3667,219.3,14.58,15.04,3.1974,59.1,27.1,0.767339,0.782637
17.3833,218.1,14.53,15.01,3.169,58.8,26.8,0.768219,0.783544
17.4,219.1,14.76,14.84,3.2339,58.8,26.8,0.769117,0.784368
17.4167,215.3,14.31,15.05,3.0809,58.9,26.9,0.769973,0.785365
17.4333,217.2,14.29,15.2,3.1038,58.1,26.1,0.770835,0.786266
17.45,215.2,14.74,14.6,3.172,58.1,26.1,0.771716,0.787167
17.4667,216.4,14.61,14.81,3.1616,59.0,27.0,0.772595,0.788176
17.4833,217.9,14.75,14.77,3.214,58.6,26.6,0.773487,0.788974
17.5,217.0,14.35,15.12,3.1139,58.9,26.9,0.774352,0.789782
17.5167,216.7,14.73,14.71,3.192,58.5,26.5,0.775239,0.790782
17.5333,217.1,14.6,14.87,3.1697,58.7,26.7,0.77612,0.791599
17.55,216.2,14.41,15.0,3.1154,58.8,26.8,0.776985,0.792502
17.5667,217.4,14.3,15.2,3.1088,58.7,26.7,0.777848,0.793493
17.5833,219.3,14.56,15.06,3.193,58.6,26.6,0.778735,0.794451
17.6,217.9,14.48,15.05,3.1552,59.2,27.2,0.779612,0.7953
17.6167,217.7,14.51,15.0,3.1588,58.9,26.9,0.780489,0.796172
17.6333,217.6,14.37,15.14,3.1269,59.4,27.4,0.781358,0.797186
17.65,219.2,14.66,14.95,3.2135,59.1,27.1,0.782251,0.798001
17.6667,216.9,14.79,14.67,3.208,58.5,26.5,0.783142,0.798787
17.6833,215.8,14.53,14.85,3.1356,58.6,26.6,0.784013,0.799644
17.7,218.4,14.32,15.25,3.1275,59.5,27.5,0.784881,0.800647
17.7167,217.3,14.29,15.21,3.1052,58.7,26.7,0.785744,0.801487
17.7333,218.5,14.38,15.19,3.142,59.2,27.2,0.786617,0.802317
17.75,217.1,14.58,14.89,3.1653,59.5,27.5,0.787496,0.803056
17.7667,218.9,14.56,15.03,3.1872,58.8,26.8,0.788381,0.804099
17.7833,215.6,14.53,14.84,3.1327,58.8,26.8,0.789251,0.804934
17.8,213.9,14.47,14.78,3.0951,58.8,26.8,0.790111,0.805969
17.8167,216.4,14.44,14.99,3.1248,59.2,27.2,0.790979,0.806957
17.8333,218.8,14.39,15.21,3.1485,58.4,26.4,0.791854,0.807606
17.85,217.4,14.58,14.91,3.1697,59.0,27.0,0.792734,0.808675
17.8667,218.1,14.47,15.07,3.1559,58.8,26.8,0.793611,0.80942
17.8833,218.0,14.22,15.33,3.1,58.7,26.7,0.794472,0.810462
17.9,216.7,14.65,14.79,3.1747,59.0,27.0,0.795354,0.811281
17.9167,214.8,14.47,14.84,3.1082,59.4,27.4,0.796217,0.812085
17.9333,217.4,14.58,14.91,3.1697,59.0,27.0,0.797098,0.813062
17.95,215.7,14.64,14.73,3.1578,59.2,27.2,0.797975,0.813951
17.9667,216.4,14.51,14.91,3.14,58.9,26.9,0.798847,0.814882
17.9833,214.4,14.32,14.97,3.0702,58.9,26.9,0.7997,0.815764
18.0,219.1,14.46,15.15,3.1682,59.3,27.3,0.80058,0.816732
18.0167,217.4,14.72,14.77,3.2001,59.1,27.1,0.801469,0.81743
18.0333,217.6,14.1,15.43,3.0682,58.7,26.7,0.802321,0.818348
18.05,218.3,14.13,15.45,3.0846,58.9,26.9,0.803178,0.819183
18.0667,215.8,14.33,15.06,3.0924,58.7,26.7,0.804037,0.820021
18.0833,216.7,14.29,15.16,3.0966,58.8,26.8,0.804897,0.821081
18.1,216.3,14.24,15.19,3.0801,58.7,26.7,0.805753,0.821902
18.1167,218.3,14.49,15.07,3.1632,59.5,27.5,0.806631,0.822764
18.1333,215.9,14.58,14.81,3.1478,58.9,26.9,0.807506,0.823658
18.15,215.3,14.82,14.53,3.1907,58.9,26.9,0.808392,0.824562
18.1667,217.5,14.39,15.11,3.1298,58.9,26.9,0.809262,0.825459
18.1833,218.1,14.39,15.16,3.1385,58.7,26.7,0.810133,0.826299
18.2,219.1,14.63,14.98,3.2054,58.7,26.7,0.811024,0.827307
18.2167,218.6,14.49,15.09,3.1675,59.0,27.0,0.811904,0.828311
18.2333,215.5,14.73,14.63,3.1743,58.8,26.8,0.812785,0.828966
18.25,214.3,14.49,14.79,3.1052,58.4,26.4,0.813648,0.830023
18.2667,218.1,14.55,14.99,3.1734,58.7,26.7,0.814529,0.830715
18.2833,219.1,14.47,15.14,3.1704,59.0,27.0,0.81541,0.831737
18.3,217.6,14.68,14.82,3.1944,59.0,27.0,0.816297,0.832666
18.3167,219.4,14.47,15.16,3.1747,58.9,26.9,0.817179,0.833451
18.3333,218.4,14.6,14.96,3.1886,58.8,26.8,0.818065,0.834499
18.35,212.0,14.66,14.46,3.1079,58.4,26.4,0.818928,0.835347
18.3667,219.5,14.36,15.29,3.152,59.0,27.0,0.819804,0.83619
18.3833,216.4,14.51,14.91,3.14,58.7,26.7,0.820676,0.837102
18.4,214.7,14.65,14.66,3.1454,59.0,27.0,0.82155,0.837936
18.4167,215.9,14.51,14.88,3.1327,59.0,27.0,0.82242,0.838761
18.4333,216.6,14.5,14.94,3.1407,58.4,26.4,0.823292,0.8398
18.45,216.4,14.08,15.37,3.0469,58.5,26.5,0.824139,0.840647
18.4667,218.2,14.45,15.1,3.153,58.9,26.9,0.825015,0.841494
18.4833,216.3,14.67,14.74,3.1731,58.9,26.9,0.825896,0.842557
18.5,220.0,14.6,15.07,3.212,59.1,27.1,0.826788,0.843271
18.5167,218.4,14.66,14.9,3.2017,58.8,26.8,0.827678,0.844285
18.5333,217.7,14.49,15.02,3.1545,58.9,26.9,0.828554,0.845112
18.55,217.7,14.75,14.76,3.2111,58.5,26.5,0.829446,0.846056
18.5667,217.5,14.46,15.04,3.1451,59.0,27.0,0.830319,0.846962
18.5833,214.6,14.25,15.06,3.058,59.3,27.3,0.831169,0.84779
18.6,217.8,14.7,14.82,3.2017,58.8,26.8,0.832058,0.848531
18.6167,217.8,14.58,14.94,3.1755,59.4,27.4,0.83294,0.849579
18.6333,214.3,14.51,14.77,3.1095,58.7,26.7,0.833804,0.850505
18.65,215.7,14.45,14.93,3.1169,59.3,27.3,0.83467,0.851524
18.6667,217.1,14.34,15.14,3.1132,58.8,26.8,0.835535,0.852394
18.6833,217.9,14.54,14.99,3.1683,58.6,26.6,0.836415,0.853276
18.7,219.8,14.46,15.2,3.1783,59.2,27.2,0.837298,0.853978
18.7167,217.4,14.58,14.91,3.1697,58.8,26.8,0.838178,0.855017
18.7333,217.0,14.5,14.97,3.1465,58.7,26.7,0.839052,0.855759
18.75,217.3,14.51,14.98,3.153,59.2,27.2,0.839928,0.856591
18.7667,219.4,14.52,15.11,3.1857,58.7,26.7,0.840813,0.857525
18.7833,218.2,14.36,15.19,3.1334,58.5,26.5,0.841683,0.858519
18.8,216.1,14.4,15.01,3.1118,58.8,26.8,0.842548,0.859361
18.8167,216.9,14.44,15.02,3.132,59.0,27.0,0.843418,0.860241
18.8333,216.3,14.57,14.85,3.1515,58.8,26.8,0.844293,0.861183
18.85,215.8,14.24,15.15,3.073,58.7,26.7,0.845147,0.861947
18.8667,215.9,14.47,14.92,3.1241,58.6,26.6,0.846015,0.863036
18.8833,218.5,14.81,14.75,3.236,59.0,27.0,0.846913,0.863964
18.9,216.6,14.55,14.89,3.1515,58.9,26.9,0.847789,0.864711
18.9167,215.7,14.17,15.22,3.0565,58.6,26.6,0.848638,0.865659
18.9333,214.3,14.43,14.85,3.0923,58.9,26.9,0.849497,0.866515
18.95,217.5,14.62,14.88,3.1799,59.6,27.6,0.85038,0.867301
18.9667,218.4,14.7,14.86,3.2105,58.7,26.7,0.851272,0.868285
18.9833,216.8,14.39,15.07,3.1198,58.8,26.8,0.852139,0.869137
19.0,215.4,14.5,14.86,3.1233,59.2,27.2,0.853006,0.870154
19.0167,218.3,14.4,15.16,3.1435,58.6,26.6,0.853879,0.870778
19.0333,217.8,14.55,14.97,3.169,58.7,26.7,0.85476,0.871907
19.05,221.5,14.79,14.98,3.276,58.6,26.6,0.85567,0.872816
19.0667,221.2,14.32,15.45,3.1676,58.8,26.8,0.856549,0.873766
19.0833,215.4,14.51,14.84,3.1255,58.8,26.8,0.857418,0.874431
19.1,216.6,14.4,15.04,3.119,59.0,27.0,0.858284,0.875223
19.1167,220.8,14.49,15.24,3.1994,58.6,26.6,0.859173,0.876389
19.1333,212.8,14.44,14.74,3.0728,58.6,26.6,0.860026,0.877159
19.15,216.9,14.63,14.83,3.1732,58.8,26.8,0.860908,0.878193
19.1667,216.8,14.52,14.93,3.1479,59.1,27.1,0.861782,0.87888
19.1833,218.9,14.47,15.13,3.1675,58.2,26.2,0.862662,0.879836
19.2,217.3,14.52,14.97,3.1552,58.8,26.8,0.863539,0.880852
19.2167,218.5,14.37,15.21,3.1398,58.9,26.9,0.864411,0.88188
19.2333,217.8,14.63,14.89,3.1864,59.3,27.3,0.865296,0.882521
19.25,214.4,14.46,14.83,3.1002,59.1,27.1,0.866157,0.883645
19.2667,215.2,14.43,14.91,3.1053,59.2,27.2,0.86702,0.884286
19.2833,219.3,14.42,15.21,3.1623,58.8,26.8,0.867898,0.885237
19.3,217.9,14.74,14.78,3.2118,58.6,26.6,0.86879,0.886316
19.3167,218.5,14.24,15.34,3.1114,59.0,27.0,0.869654,0.886995
19.3333,215.3,14.38,14.97,3.096,59.4,27.4,0.870514,0.887937
19.35,217.9,14.41,15.12,3.1399,59.2,27.2,0.871387,0.888846
19.3667,218.4,14.6,14.96,3.1886,58.9,26.9,0.872272,0.889749
19.3833,215.5,14.48,14.88,3.1204,58.5,26.5,0.873139,0.890647
19.4,217.0,14.39,15.08,3.1226,58.8,26.8,0.874006,0.891584
19.4167,217.5,14.54,14.96,3.1624,58.8,26.8,0.874885,0.892369
19.4333,217.4,14.45,15.04,3.1414,58.3,26.3,0.875758,0.893271
19.45,217.6,14.56,14.95,3.1683,58.5,26.5,0.876638,0.894128
19.4667,216.2,14.44,14.97,3.1219,58.5,26.5,0.877505,0.894946
19.4833,217.6,14.5,15.01,3.1552,58.9,26.9,0.878381,0.895862
19.5,216.7,14.56,14.88,3.1552,58.7,26.7,0.879258,0.89675
19.5167,218.1,14.42,15.12,3.145,58.8,26.8,0.880131,0.897722
19.5333,221.2,14.35,15.41,3.1742,58.2,26.2,0.881013,0.89843
19.55,217.3,14.42,15.07,3.1335,59.4,27.4,0.881883,0.899572
19.5667,218.4,14.55,15.01,3.1777,58.9,26.9,0.882766,0.900226
19.5833,217.3,14.54,14.94,3.1595,59.5,27.5,0.883644,0.901245
19.6,215.0,14.69,14.64,3.1583,59.3,27.3,0.884521,0.902225
19.6167,218.1,14.63,14.91,3.1908,59.1,27.1,0.885407,0.903125
19.6333,216.8,14.4,15.06,3.1219,58.6,26.6,0.886275,0.903989
19.65,217.3,14.26,15.24,3.0987,59.1,27.1,0.887135,0.904998
19.6667,217.2,14.7,14.78,3.1928,58.8,26.8,0.888022,0.905757
19.6833,218.1,14.56,14.98,3.1755,58.9,26.9,0.888904,0.906548
19.7,217.7,14.71,14.8,3.2024,59.1,27.1,0.889794,0.907595
19.7167,219.9,14.46,15.21,3.1798,58.5,26.5,0.890677,0.908322
19.7333,217.4,14.8,14.69,3.2175,58.7,26.7,0.891571,0.909344
19.75,219.8,14.2,15.48,3.1212,59.1,27.1,0.892438,0.910338
19.7667,215.6,14.62,14.75,3.1521,59.0,27.0,0.893314,0.911288
19.7833,217.9,14.17,15.38,3.0876,59.1,27.1,0.894171,0.912065
19.8,216.8,14.37,15.09,3.1154,58.7,26.7,0.895037,0.912974
19.8167,218.1,14.42,15.12,3.145,58.7,26.7,0.89591,0.913776
19.8333,216.8,14.68,14.77,3.1826,59.0,27.0,0.896794,0.9146
19.85,214.8,14.73,14.58,3.164,58.9,26.9,0.897673,0.915604
19.8667,216.6,14.39,15.05,3.1169,59.2,27.2,0.898539,0.916684
19.8833,216.5,14.46,14.97,3.1306,58.3,26.3,0.899409,0.917568
19.9,215.6,14.34,15.03,3.0917,58.9,26.9,0.900267,0.918346
19.9167,220.3,14.73,14.96,3.245,59.1,27.1,0.901169,0.919144
19.9333,216.7,14.4,15.05,3.1205,59.1,27.1,0.902036,0.920172
19.95,214.2,14.59,14.68,3.1252,58.7,26.7,0.902904,0.921107
19.9667,216.9,14.42,15.04,3.1277,59.6,27.6,0.903772,0.921841
19.9833,219.8,14.71,14.94,3.2333,59.0,27.0,0.904671,0.922721
20.0,215.7,14.16,15.23,3.0543,59.0,27.0,0.905519,0.923689
20.0167,215.3,14.68,14.67,3.1606,58.9,26.9,0.906397,0.92432
20.0333,217.8,14.37,15.16,3.1298,58.2,26.2,0.907266,0.925493
20.05,214.8,14.77,14.54,3.1726,58.7,26.7,0.908148,0.926482
20.0667,217.6,14.58,14.92,3.1726,58.8,26.8,0.909029,0.927072
20.0833,218.9,14.48,15.12,3.1697,58.8,26.8,0.909909,0.92818
20.1,215.7,14.45,14.93,3.1169,58.7,26.7,0.910775,0.928885
20.1167,217.0,14.3,15.17,3.1031,58.7,26.7,0.911637,0.929776
20.1333,215.6,14.6,14.77,3.1478,58.9,26.9,0.912512,0.930812
20.15,217.5,14.75,14.75,3.2081,59.0,27.0,0.913403,0.931678
20.1667,218.3,14.29,15.28,3.1195,59.3,27.3,0.914269,0.932542
20.1833,218.4,14.81,14.75,3.2345,59.4,27.4,0.915168,0.933453
20.2,217.1,14.37,15.11,3.1197,58.6,26.6,0.916034,0.934375
20.2167,217.2,14.46,15.02,3.1407,58.8,26.8,0.916907,0.935147
20.2333,218.9,14.42,15.18,3.1565,58.8,26.8,0.917783,0.936005
20.25,216.5,14.2,15.25,3.0743,58.9,26.9,0.918637,0.936892
20.2667,217.8,14.23,15.31,3.0993,59.8,27.8,0.919498,0.937976
20.2833,216.8,14.35,15.11,3.1111,58.8,26.8,0.920363,0.938643
20.3,216.8,14.29,15.17,3.0981,59.0,27.0,0.921223,0.939673
20.3167,217.8,14.4,15.12,3.1363,58.9,26.9,0.922094,0.940438
20.3333,218.0,14.32,15.22,3.1218,59.1,27.1,0.922962,0.941461
20.35,219.2,14.68,14.93,3.2179,58.3,26.3,0.923855,0.94238
20.3667,218.7,14.7,14.88,3.2149,59.2,27.2,0.924748,0.943185
20.3833,218.2,14.6,14.95,3.1857,58.6,26.6,0.925633,0.944165
20.4,215.7,14.3,15.08,3.0845,58.9,26.9,0.92649,0.945125
20.4167,219.3,14.5,15.12,3.1799,59.2,27.2,0.927373,0.945823
20.4333,216.2,14.48,14.93,3.1306,59.0,27.0,0.928243,0.94688
20.45,218.4,14.38,15.19,3.1406,58.4,26.4,0.929115,0.947816
20.4667,216.7,14.13,15.34,3.062,58.6,26.6,0.929966,0.948633
20.4833,213.7,14.54,14.7,3.1072,58.4,26.4,0.930829,0.949387
20.5,219.4,14.68,14.95,3.2208,59.0,27.0,0.931724,0.950501
20.5167,217.6,14.39,15.12,3.1313,58.8,26.8,0.932594,0.951137
20.5333,216.5,14.45,14.98,3.1284,58.9,26.9,0.933463,0.952181
20.55,216.2,14.42,14.99,3.1176,58.2,26.2,0.934329,0.953066
20.5667,217.0,14.48,14.99,3.1422,58.9,26.9,0.935201,0.953856
20.5833,216.1,14.36,15.05,3.1032,58.7,26.7,0.936063,0.954806
20.6,216.3,14.41,15.01,3.1169,58.4,26.4,0.936929,0.955627
20.6167,216.0,14.24,15.17,3.0758,58.9,26.9,0.937784,0.956556
20.6333,216.7,14.48,14.97,3.1378,59.0,27.0,0.938655,0.95731
20.65,215.9,14.57,14.82,3.1457,58.8,26.8,0.939529,0.958304
20.6667,217.5,14.42,15.08,3.1363,58.6,26.6,0.9404,0.959087
20.6833,215.1,14.43,14.91,3.1039,58.8,26.8,0.941262,0.960027
20.7,217.5,14.31,15.2,3.1124,58.9,26.9,0.942127,0.960951
20.7167,218.4,14.46,15.1,3.1581,58.7,26.7,0.943004,0.96189
20.7333,217.8,14.33,15.2,3.1211,58.7,26.7,0.943871,0.9628
20.75,215.9,14.46,14.93,3.1219,58.4,26.4,0.944738,0.963612
20.7667,215.1,14.43,14.91,3.1039,59.1,27.1,0.945601,0.964615
20.7833,213.8,14.19,15.07,3.0338,58.3,26.3,0.946443,0.965388
20.8,215.2,14.9,14.44,3.2065,58.7,26.7,0.947334,0.966414
20.8167,218.7,14.43,15.16,3.1558,59.0,27.0,0.948211,0.967172
20.8333,218.4,14.63,14.93,3.1952,58.3,26.3,0.949098,0.968063
20.85,217.0,14.41,15.06,3.127,58.4,26.4,0.949967,0.968866
20.8667,217.0,14.51,14.96,3.1487,59.2,27.2,0.950841,0.969879
20.8833,219.0,14.71,14.89,3.2215,59.1,27.1,0.951736,0.970417
20.9,217.7,14.38,15.14,3.1305,58.3,26.3,0.952606,0.971605
20.9167,217.1,14.6,14.87,3.1697,58.6,26.6,0.953486,0.972729
20.9333,218.7,14.44,15.15,3.158,58.7,26.7,0.954364,0.973461
20.95,215.7,14.45,14.93,3.1169,58.7,26.7,0.955229,0.974197
20.9667,217.2,14.59,14.89,3.1689,58.6,26.6,0.95611,0.975311
20.9833,214.0,14.34,14.92,3.0688,58.9,26.9,0.956962,0.975964
21.0,217.2,14.29,15.2,3.1038,59.0,27.0,0.957824,0.976903
21.0167,219.3,14.37,15.26,3.1513,58.3,26.3,0.9587,0.977958
21.0333,215.9,14.56,14.83,3.1435,58.7,26.7,0.959573,0.978678
21.05,216.8,14.4,15.06,3.1219,58.5,26.5,0.96044,0.979484
21.0667,216.1,14.61,14.79,3.1572,59.0,27.0,0.961317,0.980528
21.0833,217.8,14.92,14.6,3.2496,58.3,26.3,0.96222,0.981327
21.1,216.4,14.37,15.06,3.1097,58.2,26.2,0.963083,0.982232
21.1167,214.7,14.5,14.81,3.1131,58.7,26.7,0.963948,0.98325
21.1333,217.9,14.35,15.18,3.1269,58.7,26.7,0.964817,0.984222
21.15,216.7,14.6,14.84,3.1638,58.7,26.7,0.965696,0.985056
21.1667,214.5,14.56,14.73,3.1231,59.0,27.0,0.966563,0.985838
21.1833,217.3,14.67,14.81,3.1878,58.5,26.5,0.967449,0.986798
21.2,215.9,14.72,14.67,3.178,58.2,26.2,0.968331,0.987672
21.2167,219.4,14.69,14.94,3.223,59.0,27.0,0.969227,0.988399
21.2333,216.3,14.46,14.96,3.1277,58.6,26.6,0.970095,0.989388
21.25,215.2,14.46,14.88,3.1118,59.4,27.4,0.97096,0.990385
21.2667,215.1,14.42,14.92,3.1017,59.0,27.0,0.971821,0.991316
21.2833,217.5,14.67,14.83,3.1907,58.6,26.6,0.972708,0.992089
21.3,216.4,14.39,15.04,3.114,58.9,26.9,0.973573,0.992989
21.3167,218.1,14.54,15.0,3.1712,58.6,26.6,0.974454,0.994041
21.3333,217.6,14.56,14.95,3.1683,58.7,26.7,0.975334,0.994858
21.35,215.7,14.37,15.01,3.0996,58.8,26.8,0.976195,0.995808
21.3667,217.8,14.47,15.05,3.1516,58.6,26.6,0.97707,0.996533
21.3833,217.6,14.5,15.01,3.1552,58.5,26.5,0.977947,0.997446
21.4,217.3,14.43,15.06,3.1356,58.2,26.2,0.978818,0.998421
21.4167,217.3,14.54,14.94,3.1595,58.5,26.5,0.979695,0.999317
21.4333,215.9,14.33,15.07,3.0938,58.9,26.9,0.980555,1.000033
21.45,216.1,14.4,15.01,3.1118,58.9,26.9,0.981419,1.000903
21.4667,215.4,14.41,14.95,3.1039,59.2,27.2,0.982281,1.001899
21.4833,217.2,14.42,15.06,3.132,58.9,26.9,0.983151,1.002607
21.5,217.3,14.34,15.15,3.1161,58.5,26.5,0.984017,1.003553
21.5167,217.2,14.39,15.09,3.1255,58.8,26.8,0.984885,1.004779
21.5333,214.8,14.25,15.07,3.0609,58.3,26.3,0.985735,1.005547
21.55,214.7,14.37,14.94,3.0852,58.9,26.9,0.986592,1.00625
21.5667,217.3,14.67,14.81,3.1878,58.5,26.5,0.987478,1.007317
21.5833,219.3,14.62,15.0,3.2062,58.5,26.5,0.988368,1.008104
21.6,218.7,14.72,14.86,3.2193,58.7,26.7,0.989263,1.008963
21.6167,214.9,14.34,14.99,3.0817,58.4,26.4,0.990119,1.0099
21.6333,218.1,14.32,15.23,3.1232,57.9,25.9,0.990986,1.010726
21.65,217.9,14.4,15.13,3.1378,58.8,26.8,0.991858,1.011572
21.6667,215.4,14.53,14.82,3.1298,58.7,26.7,0.992727,1.01246
21.6833,219.2,14.52,15.1,3.1828,59.3,27.3,0.993611,1.013592
21.7,216.2,14.35,15.07,3.1025,58.4,26.4,0.994473,1.014302
21.7167,216.1,14.24,15.18,3.0773,59.0,27.0,0.995328,1.015458
21.7333,217.3,14.57,14.91,3.1661,58.8,26.8,0.996207,1.015973
21.75,218.2,14.37,15.18,3.1355,58.6,26.6,0.997078,1.016983
21.7667,214.1,14.63,14.63,3.1323,59.0,27.0,0.997948,1.017826
21.7833,217.0,14.58,14.88,3.1639,58.9,26.9,0.998827,1.018903
21.8,218.3,14.35,15.21,3.1326,58.8,26.8,0.999697,1.019834
21.8167,218.8,14.42,15.17,3.1551,58.9,26.9,1.000574,1.020541
21.8333,216.4,14.65,14.77,3.1703,58.9,26.9,1.001455,1.021474
21.85,217.1,14.52,14.95,3.1523,58.9,26.9,1.00233,1.022368
21.8667,217.9,14.59,14.93,3.1792,58.4,26.4,1.003213,1.02337
21.8833,217.8,14.72,14.8,3.206,58.8,26.8,1.004104,1.024101
21.9,214.7,14.69,14.62,3.1539,58.7,26.7,1.00498,1.025235
21.9167,217.8,14.4,15.12,3.1363,58.4,26.4,1.005851,1.026034
21.9333,216.4,14.29,15.14,3.0924,58.4,26.4,1.00671,1.026854
21.95,219.3,14.24,15.4,3.1228,58.7,26.7,1.007578,1.02768
21.9667,217.0,14.72,14.74,3.1942,58.7,26.7,1.008465,1.028663
21.9833,217.2,14.74,14.74,3.2015,58.3,26.3,1.009354,1.02955
22.0,217.0,14.56,14.9,3.1595,58.4,26.4,1.010232,1.030356
22.0167,217.7,14.25,15.28,3.1022,58.4,26.4,1.011094,1.031251
22.0333,218.6,14.58,14.99,3.1872,58.3,26.3,1.011979,1.032183
22.05,217.8,14.44,15.08,3.145,58.3,26.3,1.012852,1.033029
22.0667,216.1,14.56,14.84,3.1464,58.3,26.3,1.013726,1.034
22.0833,216.6,14.36,15.08,3.1104,59.0,27.0,1.01459,1.034865
22.1,216.3,14.48,14.94,3.132,58.1,26.1,1.01546,1.035787
22.1167,218.9,14.65,14.94,3.2069,59.5,27.5,1.016351,1.036649
22.1333,215.3,14.53,14.82,3.1283,59.2,27.2,1.01722,1.037664
22.15,217.9,14.64,14.88,3.1901,58.6,26.6,1.018106,1.038215
22.1667,218.0,14.69,14.84,3.2024,58.7,26.7,1.018996,1.039293
22.1833,217.4,14.63,14.86,3.1806,58.7,26.7,1.019879,1.040166
22.2,216.9,14.33,15.14,3.1082,58.6,26.6,1.020743,1.041054
22.2167,216.3,14.76,14.65,3.1926,58.6,26.6,1.02163,1.042088
22.2333,215.8,14.72,14.66,3.1766,58.5,26.5,1.022512,1.042835
22.25,217.6,14.66,14.84,3.19,58.6,26.6,1.023398,1.043895
22.2667,216.8,14.77,14.68,3.2021,58.4,26.4,1.024288,1.044715
22.2833,217.9,14.65,14.87,3.1922,58.7,26.7,1.025174,1.045613
22.3,217.9,14.58,14.95,3.177,58.6,26.6,1.026057,1.046565
22.3167,217.6,14.57,14.93,3.1704,58.4,26.4,1.026938,1.047445
22.3333,217.9,14.24,15.3,3.1029,58.5,26.5,1.027799,1.04851
22.35,217.3,14.23,15.27,3.0922,58.8,26.8,1.028658,1.049162
22.3667,217.4,14.57,14.92,3.1675,58.7,26.7,1.029538,1.050106
22.3833,217.1,14.02,15.49,3.0437,58.6,26.6,1.030384,1.050918
22.4,217.8,14.3,15.23,3.1145,58.7,26.7,1.031249,1.052032
22.4167,218.8,14.38,15.22,3.1463,58.6,26.6,1.032123,1.052716
22.4333,218.3,14.57,14.98,3.1806,58.4,26.4,1.033006,1.053823
22.45,215.2,14.5,14.84,3.1204,58.2,26.2,1.033873,1.054658
22.4667,217.1,14.42,15.06,3.1306,58.6,26.6,1.034743,1.055426
22.4833,216.3,14.65,14.76,3.1688,58.2,26.2,1.035623,1.056105
22.5,216.6,14.48,14.96,3.1364,58.9,26.9,1.036494,1.057154
22.5167,216.6,14.65,14.78,3.1732,59.1,27.1,1.037376,1.058026
22.5333,218.0,14.44,15.1,3.1479,58.9,26.9,1.03825,1.059099
22.55,218.6,14.3,15.29,3.126,58.5,26.5,1.039118,1.059738
22.5667,216.5,14.42,15.01,3.1219,58.3,26.3,1.039986,1.060916
22.5833,218.7,14.58,15.0,3.1886,58.3,26.3,1.040871,1.061522
22.6,217.1,14.57,14.9,3.1631,58.8,26.8,1.04175,1.062651
22.6167,218.2,14.52,15.03,3.1683,58.6,26.6,1.04263,1.063503
22.6333,218.9,14.8,14.79,3.2397,58.2,26.2,1.04353,1.064242
22.65,216.3,14.7,14.71,3.1796,58.5,26.5,1.044413,1.065253
22.6667,216.4,14.55,14.87,3.1486,58.2,26.2,1.045288,1.066015
22.6833,215.4,14.14,15.23,3.0458,58.9,26.9,1.046134,1.066963
22.7,218.7,14.5,15.08,3.1711,58.9,26.9,1.047015,1.067899
22.7167,216.4,14.61,14.81,3.1616,57.9,25.9,1.047893,1.068946
22.7333,215.7,14.52,14.86,3.132,58.6,26.6,1.048763,1.069771
22.75,215.5,14.52,14.84,3.1291,58.5,26.5,1.049632,1.070655
22.7667,216.7,14.61,14.83,3.166,58.2,26.2,1.050512,1.071564
22.7833,216.1,14.69,14.71,3.1745,58.7,26.7,1.051393,1.072526
22.8,219.0,14.66,14.94,3.2105,58.6,26.6,1.052285,1.073472
22.8167,215.8,14.7,14.68,3.1723,58.6,26.6,1.053166,1.074253
22.8333,216.5,14.4,15.03,3.1176,57.9,25.9,1.054032,1.075184
22.85,218.7,14.63,14.95,3.1996,58.9,26.9,1.054921,1.075959
22.8667,219.3,14.48,15.15,3.1755,58.8,26.8,1.055803,1.076845
22.8833,216.7,14.15,15.31,3.0663,58.2,26.2,1.056655,1.077794
22.9,214.8,14.65,14.66,3.1468,58.6,26.6,1.057529,1.078558
22.9167,217.1,14.87,14.6,3.2283,58.6,26.6,1.058426,1.07949
22.9333,215.6,14.18,15.2,3.0572,58.2,26.2,1.059275,1.080578
22.95,218.2,14.33,15.23,3.1268,58.6,26.6,1.060144,1.081335
22.9667,216.2,14.13,15.3,3.0549,58.8,26.8,1.060992,1.082266
22.9833,214.8,14.52,14.79,3.1189,58.5,26.5,1.061859,1.083121
23.0,217.6,14.43,15.08,3.14,58.3,26.3,1.062731,1.083785
23.0167,216.0,14.4,15.0,3.1104,58.9,26.9,1.063595,1.084939
23.0333,216.2,14.49,14.92,3.1327,58.7,26.7,1.064465,1.085904
23.05,216.0,14.35,15.05,3.0996,58.8,26.8,1.065326,1.086681
23.0667,218.7,14.43,15.16,3.1558,58.6,26.6,1.066203,1.087432
23.0833,217.0,14.54,14.92,3.1552,59.0,27.0,1.067079,1.088481
23.1,217.2,14.57,14.91,3.1646,58.6,26.6,1.067958,1.089178
23.1167,217.6,14.28,15.24,3.1073,58.6,26.6,1.068821,1.090157
23.1333,215.4,14.2,15.17,3.0587,58.6,26.6,1.069671,1.091077
23.15,215.6,14.4,14.97,3.1046,58.6,26.6,1.070533,1.091929
23.1667,216.2,14.48,14.93,3.1306,58.5,26.5,1.071403,1.092859
23.1833,219.5,14.41,15.23,3.163,58.3,26.3,1.072281,1.093744
23.2,215.5,14.27,15.1,3.0752,58.7,26.7,1.073136,1.094671
23.2167,216.0,14.53,14.87,3.1385,58.6,26.6,1.074007,1.095388
23.2333,213.1,14.66,14.54,3.124,58.3,26.3,1.074875,1.096293
23.25,216.7,14.69,14.75,3.1833,58.8,26.8,1.075759,1.097419
23.2667,214.5,14.57,14.72,3.1253,58.2,26.2,1.076628,1.09811
23.2833,217.6,14.56,14.95,3.1683,58.1,26.1,1.077508,1.099136
23.3,216.5,14.35,15.09,3.1068,58.5,26.5,1.078371,1.099925
23.3167,218.7,14.74,14.84,3.2236,58.1,26.1,1.079266,1.100739
23.3333,217.2,14.67,14.81,3.1863,58.6,26.6,1.080151,1.101757
23.35,218.2,14.68,14.86,3.2032,58.7,26.7,1.081041,1.102594
23.3667,214.6,14.59,14.71,3.131,58.4,26.4,1.081911,1.103485
23.3833,215.6,14.38,14.99,3.1003,57.8,25.8,1.082772,1.104551
23.4,216.7,14.47,14.98,3.1356,58.6,26.6,1.083643,1.105422
23.4167,216.4,14.7,14.72,3.1811,58.5,26.5,1.084527,1.106127
23.4333,217.0,14.61,14.85,3.1704,58.7,26.7,1.085407,1.107198
23.45,217.8,14.62,14.9,3.1842,58.5,26.5,1.086292,1.107893
23.4667,219.5,14.55,15.09,3.1937,58.3,26.3,1.087179,1.108855
23.4833,219.5,14.59,15.04,3.2025,58.1,26.1,1.088068,1.109588
23.5,217.1,14.41,15.07,3.1284,58.4,26.4,1.088937,1.11069
23.5167,216.0,14.42,14.98,3.1147,58.2,26.2,1.089803,1.111635
23.5333,214.6,14.59,14.71,3.131,58.9,26.9,1.090672,1.11253
23.55,216.6,14.58,14.86,3.158,58.5,26.5,1.09155,1.113268
23.5667,219.1,14.74,14.86,3.2295,58.3,26.3,1.092447,1.114164
23.5833,217.9,14.45,15.08,3.1487,58.3,26.3,1.093321,1.115108
23.6,215.7,14.52,14.86,3.132,58.8,26.8,1.094191,1.11617
23.6167,215.9,14.6,14.79,3.1521,58.5,26.5,1.095067,1.117079
23.6333,217.3,14.19,15.31,3.0835,58.8,26.8,1.095923,1.118023
23.65,217.4,14.36,15.14,3.1219,58.7,26.7,1.096791,1.118847
23.6667,214.0,14.22,15.05,3.0431,58.4,26.4,1.097636,1.119638
23.6833,216.5,14.48,14.95,3.1349,58.8,26.8,1.098507,1.120625
23.7,217.2,14.41,15.07,3.1299,58.0,26.0,1.099376,1.121537
23.7167,215.4,14.29,15.07,3.0781,58.1,26.1,1.100231,1.122131
23.7333,220.5,14.69,15.01,3.2391,58.5,26.5,1.101131,1.12312
23.75,215.6,14.61,14.76,3.1499,58.8,26.8,1.102006,1.124042
23.7667,216.0,14.56,14.84,3.145,58.3,26.3,1.10288,1.124775
23.7833,218.3,14.5,15.06,3.1654,57.8,25.8,1.103759,1.125733
23.8,216.5,14.43,15.0,3.1241,58.4,26.4,1.104627,1.126715
23.8167,216.9,14.54,14.92,3.1537,57.9,25.9,1.105503,1.127644
23.8333,217.4,14.68,14.81,3.1914,57.8,25.8,1.106389,1.12854
23.85,215.5,14.57,14.79,3.1398,58.4,26.4,1.107261,1.129534
23.8667,217.2,14.74,14.74,3.2015,58.5,26.5,1.108151,1.130297
23.8833,219.1,14.44,15.17,3.1638,58.7,26.7,1.109029,1.131272
23.9,219.2,14.42,15.2,3.1609,58.7,26.7,1.109907,1.131976
23.9167,217.3,14.66,14.82,3.1856,58.4,26.4,1.110792,1.132806
23.9333,218.5,14.28,15.3,3.1202,58.1,26.1,1.111659,1.133973
23.95,214.8,14.3,15.02,3.0716,58.9,26.9,1.112512,1.134853
23.9667,217.3,14.48,15.01,3.1465,58.1,26.1,1.113386,1.13569
23.9833,216.4,14.68,14.74,3.1768,58.5,26.5,1.114269,1.136385
24.0,218.5,14.77,14.79,3.2272,58.3,26.3,1.115165,1.137435
24.0167,216.2,14.71,14.7,3.1803,58.5,26.5,1.116049,1.138338
24.0333,218.6,14.36,15.22,3.1391,58.2,26.2,1.116921,1.139305
24.05,216.8,14.45,15.0,3.1328,58.3,26.3,1.117791,1.140081
24.0667,216.9,14.61,14.85,3.1689,58.6,26.6,1.118671,1.141119
24.0833,216.3,14.68,14.73,3.1753,58.5,26.5,1.119553,1.141927
24.1,215.9,14.5,14.89,3.1306,58.2,26.2,1.120423,1.142894
24.1167,215.9,14.45,14.94,3.1198,58.6,26.6,1.121289,1.143751
24.1333,217.2,14.32,15.17,3.1103,58.7,26.7,1.122153,1.144706
24.15,215.3,14.42,14.93,3.1046,58.2,26.2,1.123016,1.14561
24.1667,213.6,14.61,14.62,3.1207,58.6,26.6,1.123883,1.146138
24.1833,218.3,14.79,14.76,3.2287,58.2,26.2,1.124779,1.147286
24.2,216.3,14.6,14.82,3.158,58.5,26.5,1.125657,1.148157
24.2167,219.3,14.46,15.17,3.1711,57.7,25.7,1.126537,1.149073
24.2333,216.7,14.29,15.16,3.0966,58.1,26.1,1.127398,1.1502
24.25,216.8,14.42,15.03,3.1263,58.1,26.1,1.128266,1.15092
24.2667,216.0,14.42,14.98,3.1147,58.9,26.9,1.129131,1.151792
24.2833,220.6,14.54,15.17,3.2075,58.1,26.1,1.130022,1.152541
24.3,218.8,14.38,15.22,3.1463,58.1,26.1,1.130896,1.153633
24.3167,214.3,14.41,14.87,3.0881,58.1,26.1,1.131754,1.154418
24.3333,219.0,14.68,14.92,3.2149,58.4,26.4,1.132647,1.155368
24.35,217.4,14.1,15.42,3.0653,58.3,26.3,1.133499,1.156138
24.3667,218.3,14.4,15.16,3.1435,58.6,26.6,1.134372,1.157256
24.3833,215.8,14.47,14.91,3.1226,58.9,26.9,1.135239,1.157912
24.4,214.9,14.42,14.9,3.0989,58.4,26.4,1.1361,1.158882
24.4167,217.3,14.63,14.85,3.1791,58.5,26.5,1.136983,1.159778
24.4333,218.8,14.58,15.01,3.1901,58.5,26.5,1.137869,1.160645
24.45,218.2,14.42,15.13,3.1464,58.1,26.1,1.138743,1.161503
24.4667,220.2,14.39,15.3,3.1687,58.0,26.0,1.139623,1.162482
24.4833,218.3,14.6,14.95,3.1872,58.3,26.3,1.140509,1.163327
24.5,212.9,14.47,14.71,3.0807,58.0,26.0,1.141364,1.164328
24.5167,217.2,14.38,15.1,3.1233,59.1,27.1,1.142232,1.16498
24.5333,216.6,14.42,15.02,3.1234,57.7,25.7,1.1431,1.165875
24.55,217.8,14.29,15.24,3.1124,58.2,26.2,1.143964,1.16663
24.5667,218.5,14.62,14.95,3.1945,58.2,26.2,1.144852,1.167843
24.5833,215.6,14.59,14.78,3.1456,58.3,26.3,1.145725,1.168658
24.6,215.5,14.37,15.0,3.0967,58.4,26.4,1.146585,1.169748
24.6167,217.3,14.49,15.0,3.1487,57.9,25.9,1.14746,1.170383
24.6333,216.4,14.47,14.96,3.1313,58.1,26.1,1.14833,1.171292
24.65,218.9,14.42,15.18,3.1565,58.9,26.9,1.149207,1.172115
24.6667,217.7,14.45,15.07,3.1458,58.4,26.4,1.150081,1.173006
24.6833,217.9,14.41,15.12,3.1399,57.8,25.8,1.150953,1.174193
24.7,216.5,14.55,14.88,3.1501,58.2,26.2,1.151828,1.174757
24.7167,216.9,14.77,14.69,3.2036,58.1,26.1,1.152718,1.175948
24.7333,216.7,14.65,14.79,3.1747,58.4,26.4,1.1536,1.176638
24.75,216.7,14.45,15.0,3.1313,58.3,26.3,1.154469,1.177668
24.7667,213.7,14.8,14.44,3.1628,58.9,26.9,1.155348,1.178557
24.7833,216.4,14.5,14.92,3.1378,57.7,25.7,1.15622,1.179463
24.8,218.0,14.34,15.2,3.1261,58.1,26.1,1.157088,1.180067
24.8167,217.7,14.56,14.95,3.1697,57.9,25.9,1.157968,1.181214
24.8333,217.7,14.77,14.74,3.2154,58.4,26.4,1.158862,1.181965
24.85,216.4,14.34,15.09,3.1032,58.2,26.2,1.159724,1.182919
24.8667,220.7,14.47,15.25,3.1935,58.4,26.4,1.160611,1.183725
24.8833,214.4,14.32,14.97,3.0702,57.9,25.9,1.161463,1.184751
24.9,216.0,14.46,14.94,3.1234,58.4,26.4,1.162331,1.185633
24.9167,217.0,14.56,14.9,3.1595,58.2,26.2,1.163209,1.186341
24.9333,215.8,14.22,15.18,3.0687,58.0,26.0,1.164061,1.18726
24.95,216.3,14.47,14.95,3.1299,57.8,25.8,1.164931,1.188219
24.9667,216.3,14.55,14.87,3.1472,58.4,26.4,1.165805,1.189152
24.9833,216.4,14.56,14.86,3.1508,58.3,26.3,1.16668,1.190082
25.0,218.6,14.21,15.38,3.1063,58.0,26.0,1.167543,1.190959
25.0167,216.3,14.15,15.29,3.0606,57.7,25.7,1.168393,1.191746
25.0333,217.6,14.53,14.98,3.1617,58.2,26.2,1.169271,1.192531
25.05,215.0,14.7,14.63,3.1605,58.1,26.1,1.170149,1.193474
25.0667,214.9,14.41,14.91,3.0967,58.5,26.5,1.171009,1.194504
25.0833,216.8,14.51,14.94,3.1458,57.9,25.9,1.171883,1.19531
25.1,217.1,14.36,15.12,3.1176,58.3,26.3,1.172749,1.196179
25.1167,217.9,14.56,14.97,3.1726,58.4,26.4,1.17363,1.197301
25.1333,215.1,14.29,15.05,3.0738,57.8,25.8,1.174484,1.197954
25.15,216.2,14.26,15.16,3.083,58.4,26.4,1.175341,1.19892
25.1667,218.3,14.75,14.8,3.2199,58.5,26.5,1.176235,1.199707
25.1833,218.3,14.45,15.11,3.1544,58.4,26.4,1.177111,1.200462
25.2,215.5,14.29,15.08,3.0795,57.9,25.9,1.177967,1.201658
25.2167,217.5,14.77,14.73,3.2125,58.3,26.3,1.178859,1.20263
25.2333,217.8,14.57,14.95,3.1733,58.3,26.3,1.179741,1.203373
25.25,218.1,14.7,14.84,3.2061,58.2,26.2,1.180631,1.204204
25.2667,214.5,14.54,14.75,3.1188,58.3,26.3,1.181497,1.20514
25.2833,215.3,14.55,14.8,3.1326,58.3,26.3,1.182368,1.206033
25.3,217.6,14.5,15.01,3.1552,57.9,25.9,1.183244,1.206763
25.3167,213.7,14.57,14.67,3.1136,58.3,26.3,1.184109,1.207998
25.3333,218.3,14.56,14.99,3.1784,58.6,26.6,1.184992,1.208796
25.35,215.7,14.84,14.54,3.201,58.0,26.0,1.185881,1.209647
25.3667,217.0,14.26,15.22,3.0944,58.2,26.2,1.186741,1.210605
25.3833,218.1,14.66,14.88,3.1973,58.3,26.3,1.187629,1.211387
25.4,218.1,14.54,15.0,3.1712,58.4,26.4,1.18851,1.212208
25.4167,216.9,14.57,14.89,3.1602,58.2,26.2,1.189387,1.213291
25.4333,215.6,14.46,14.91,3.1176,57.9,25.9,1.190253,1.214001
25.45,216.8,14.59,14.86,3.1631,57.9,25.9,1.191132,1.215032
25.4667,218.1,14.52,15.02,3.1668,58.8,26.8,1.192012,1.21604
25.4833,217.5,14.55,14.95,3.1646,58.5,26.5,1.192891,1.216876
25.5,215.2,14.45,14.89,3.1096,58.4,26.4,1.193755,1.217652
25.5167,217.8,14.59,14.93,3.1777,57.9,25.9,1.194637,1.218479
25.5333,216.8,14.66,14.79,3.1783,57.9,25.9,1.19552,1.219403
25.55,216.2,14.56,14.85,3.1479,58.6,26.6,1.196395,1.220404
25.5667,217.3,14.28,15.22,3.103,58.6,26.6,1.197257,1.221531
25.5833,217.0,14.43,15.04,3.1313,57.7,25.7,1.198126,1.222144
25.6,217.4,14.57,14.92,3.1675,57.8,25.8,1.199006,1.223064
25.6167,219.0,14.77,14.83,3.2346,58.2,26.2,1.199905,1.223898
25.6333,216.8,14.63,14.82,3.1718,57.3,25.3,1.200786,1.22463
25.65,219.0,14.71,14.89,3.2215,58.1,26.1,1.201681,1.225634
25.6667,215.1,14.45,14.89,3.1082,58.0,26.0,1.202544,1.22677
25.6833,215.8,14.41,14.98,3.1097,57.7,25.7,1.203408,1.227497
25.7,218.0,14.36,15.18,3.1305,58.0,26.0,1.204277,1.228531
25.7167,217.7,14.59,14.92,3.1762,57.7,25.7,1.20516,1.229265
25.7333,217.5,14.55,14.95,3.1646,58.2,26.2,1.206039,1.230172
25.75,213.4,14.32,14.9,3.0559,57.7,25.7,1.206888,1.231127
25.7667,218.7,14.62,14.96,3.1974,58.2,26.2,1.207776,1.231954
25.7833,214.4,14.5,14.79,3.1088,58.1,26.1,1.208639,1.232747
25.8,215.5,14.41,14.95,3.1054,58.0,26.0,1.209502,1.233783
25.8167,215.5,14.62,14.74,3.1506,58.1,26.1,1.210377,1.234577
25.8333,218.4,14.2,15.38,3.1013,57.9,25.9,1.211239,1.235521
25.85,218.2,14.38,15.17,3.1377,58.4,26.4,1.21211,1.236378
25.8667,216.0,14.58,14.81,3.1493,58.0,26.0,1.212985,1.237133
25.8833,218.8,14.66,14.92,3.2076,57.9,25.9,1.213876,1.238157
25.9,215.0,14.4,14.93,3.096,57.9,25.9,1.214736,1.238911
25.9167,217.4,14.21,15.3,3.0893,57.7,25.7,1.215594,1.239902
25.9333,217.1,14.1,15.4,3.0611,57.8,25.8,1.216444,1.240711
25.95,216.8,14.63,14.82,3.1718,58.1,26.1,1.217325,1.241677
25.9667,215.8,14.57,14.81,3.1442,58.0,26.0,1.218199,1.242539
25.9833,216.1,14.61,14.79,3.1572,58.3,26.3,1.219076,1.24351
26.0,218.1,14.41,15.14,3.1428,57.9,25.9,1.219949,1.244284
26.0167,215.4,14.38,14.98,3.0975,58.1,26.1,1.220809,1.245206
26.0333,218.3,14.45,15.11,3.1544,58.3,26.3,1.221685,1.24613
26.05,217.7,14.21,15.32,3.0935,57.4,25.4,1.222545,1.246906
26.0667,219.3,14.48,15.15,3.1755,57.3,25.3,1.223427,1.247742
26.0833,218.0,14.39,15.15,3.137,57.5,25.5,1.224298,1.248704
26.1,218.3,14.68,14.87,3.2046,57.8,25.8,1.225188,1.249794
26.1167,215.6,14.51,14.86,3.1284,57.8,25.8,1.226057,1.250516
26.1333,217.7,14.34,15.18,3.1218,58.3,26.3,1.226925,1.251319
26.15,215.4,14.6,14.75,3.1448,58.0,26.0,1.227798,1.252384
26.1667,217.0,14.65,14.81,3.1791,58.1,26.1,1.228681,1.253418
26.1833,218.6,14.74,14.83,3.2222,58.2,26.2,1.229576,1.254219
26.2,218.1,14.75,14.79,3.217,57.8,25.8,1.23047,1.25509
26.2167,214.9,14.56,14.76,3.1289,57.8,25.8,1.231339,1.256137
26.2333,217.8,14.33,15.2,3.1211,58.1,26.1,1.232206,1.256947
26.25,215.8,14.38,15.01,3.1032,58.0,26.0,1.233068,1.257666
26.2667,217.3,14.73,14.75,3.2008,58.2,26.2,1.233957,1.258537
26.2833,220.7,14.59,15.13,3.22,58.0,26.0,1.234852,1.259436
26.3,216.3,14.67,14.74,3.1731,57.6,25.6,1.235733,1.260335
26.3167,217.8,14.32,15.21,3.1189,57.7,25.7,1.236599,1.261244
26.3333,217.6,14.44,15.07,3.1421,58.2,26.2,1.237472,1.262345
26.35,218.5,14.45,15.12,3.1573,57.7,25.7,1.238349,1.263287
26.3667,217.4,14.59,14.9,3.1719,57.5,25.5,1.23923,1.264112
26.3833,216.1,14.43,14.98,3.1183,57.7,25.7,1.240096,1.264838
26.4,217.6,14.57,14.93,3.1704,58.0,26.0,1.240977,1.265984
26.4167,217.4,14.31,15.19,3.111,57.6,25.6,1.241841,1.266734
26.4333,217.2,14.59,14.89,3.1689,58.1,26.1,1.242722,1.267634
26.45,214.9,14.57,14.75,3.1311,58.2,26.2,1.243591,1.268638
26.4667,216.6,14.67,14.76,3.1775,58.5,26.5,1.244474,1.269388
26.4833,218.0,14.68,14.85,3.2002,58.4,26.4,1.245363,1.270111
26.5,217.8,14.38,15.15,3.132,57.9,25.9,1.246233,1.271121
26.5167,216.2,14.73,14.68,3.1846,58.0,26.0,1.247117,1.272097
26.5333,213.5,14.47,14.75,3.0893,57.4,25.4,1.247976,1.272909
26.55,215.9,14.83,14.56,3.2018,57.9,25.9,1.248865,1.27405
26.5667,217.8,14.51,15.01,3.1603,58.0,26.0,1.249743,1.274654
26.5833,216.2,14.37,15.05,3.1068,57.9,25.9,1.250606,1.275545
26.6,217.4,14.43,15.07,3.1371,58.3,26.3,1.251477,1.276743
26.6167,217.4,14.39,15.11,3.1284,57.6,25.6,1.252346,1.277331
26.6333,219.6,14.24,15.42,3.1271,57.8,25.8,1.253215,1.278375
26.65,213.5,14.34,14.89,3.0616,58.4,26.4,1.254065,1.278985
26.6667,218.8,14.34,15.26,3.1376,57.9,25.9,1.254937,1.280017
26.6833,216.6,14.7,14.73,3.184,58.2,26.2,1.255821,1.280814
26.7,216.2,14.71,14.7,3.1803,58.0,26.0,1.256705,1.281767
26.7167,216.6,14.38,15.06,3.1147,58.2,26.2,1.25757,1.282697
26.7333,216.3,14.53,14.89,3.1428,58.3,26.3,1.258443,1.283465
26.75,219.1,14.25,15.38,3.1222,57.3,25.3,1.25931,1.284669
26.7667,217.7,14.5,15.01,3.1566,58.0,26.0,1.260187,1.285325
26.7833,220.1,14.58,15.1,3.2091,58.3,26.3,1.261078,1.286229
26.8,215.2,14.69,14.65,3.1613,57.8,25.8,1.261957,1.28721
26.8167,214.9,14.69,14.63,3.1569,58.2,26.2,1.262834,1.288049
26.8333,218.5,14.25,15.33,3.1136,57.8,25.8,1.263698,1.288772
26.85,214.5,14.62,14.67,3.136,57.8,25.8,1.26457,1.289748
26.8667,218.6,14.38,15.2,3.1435,58.1,26.1,1.265443,1.290601
26.8833,217.1,14.47,15.0,3.1414,58.3,26.3,1.266315,1.291688
26.9,215.1,14.32,15.02,3.0802,58.1,26.1,1.267171,1.292591
26.9167,216.1,14.41,15.0,3.114,58.0,26.0,1.268036,1.293426
26.9333,216.6,14.11,15.35,3.0562,58.1,26.1,1.268885,1.294114
26.95,215.1,14.63,14.7,3.1469,57.9,25.9,1.269759,1.29507
26.9667,217.3,14.26,15.24,3.0987,57.8,25.8,1.27062,1.296184
26.9833,214.6,14.62,14.68,3.1375,58.0,26.0,1.271491,1.297019
27.0,219.8,14.63,15.02,3.2157,58.4,26.4,1.272385,1.297762
27.0167,220.6,14.56,15.15,3.2119,58.2,26.2,1.273277,1.298675
27.0333,214.7,14.27,15.05,3.0638,58.0,26.0,1.274128,1.2996
27.05,216.1,14.47,14.93,3.127,57.6,25.6,1.274996,1.300558
27.0667,217.6,14.5,15.01,3.1552,57.4,25.4,1.275873,1.301569
27.0833,218.6,14.68,14.89,3.209,57.2,25.2,1.276764,1.302389
27.1,217.6,14.28,15.24,3.1073,58.2,26.2,1.277627,1.303287
27.1167,219.8,14.61,15.04,3.2113,57.9,25.9,1.278519,1.304009
27.1333,217.0,14.42,15.05,3.1291,58.1,26.1,1.279389,1.30487
27.15,217.0,14.62,14.84,3.1725,57.7,25.7,1.28027,1.305782
27.1667,217.5,14.43,15.07,3.1385,57.8,25.8,1.281142,1.30684
27.1833,214.8,14.26,15.06,3.063,57.5,25.5,1.281993,1.307743
27.2,217.1,14.48,14.99,3.1436,58.0,26.0,1.282866,1.308589
27.2167,214.9,14.42,14.9,3.0989,57.7,25.7,1.283727,1.309248
27.2333,215.9,14.49,14.9,3.1284,57.9,25.9,1.284596,1.310307
27.25,218.0,14.45,15.09,3.1501,58.7,26.7,1.285471,1.310995
27.2667,215.5,14.86,14.5,3.2023,57.4,25.4,1.28636,1.311991
27.2833,217.3,14.61,14.87,3.1748,57.6,25.6,1.287242,1.312929
27.3,217.9,14.39,15.14,3.1356,58.2,26.2,1.288113,1.31385
27.3167,216.4,14.4,15.03,3.1162,57.1,25.1,1.288979,1.314753
27.3333,216.4,14.56,14.86,3.1508,57.6,25.6,1.289854,1.315763
27.35,217.6,14.55,14.96,3.1661,57.9,25.9,1.290733,1.316562
27.3667,214.9,14.7,14.62,3.159,57.8,25.8,1.291611,1.317215
27.3833,220.0,14.44,15.24,3.1768,57.4,25.4,1.292493,1.318233
27.4,218.3,14.49,15.07,3.1632,58.0,26.0,1.293372,1.319185
27.4167,216.9,14.75,14.71,3.1993,58.1,26.1,1.294261,1.320305
27.4333,214.8,14.35,14.97,3.0824,57.9,25.9,1.295117,1.321038
27.45,217.4,14.51,14.98,3.1545,57.7,25.7,1.295993,1.322069
27.4667,218.9,14.05,15.58,3.0755,57.8,25.8,1.296847,1.322772
27.4833,218.8,14.35,15.25,3.1398,57.4,25.4,1.29772,1.323685
27.5,214.5,14.67,14.62,3.1467,57.9,25.9,1.298594,1.324597
27.5167,216.3,14.56,14.86,3.1493,57.9,25.9,1.299468,1.325562
27.5333,220.1,14.45,15.23,3.1804,57.4,25.4,1.300352,1.326291
27.55,216.7,14.68,14.76,3.1812,57.5,25.5,1.301236,1.327216
27.5667,218.2,14.73,14.81,3.2141,57.5,25.5,1.302128,1.327984
27.5833,217.4,14.72,14.77,3.2001,57.6,25.6,1.303017,1.328987
27.6,215.0,14.19,15.15,3.0509,57.8,25.8,1.303865,1.329893
27.6167,218.4,14.75,14.81,3.2214,57.6,25.6,1.30476,1.330762
27.6333,216.4,14.69,14.73,3.1789,58.5,26.5,1.305643,1.331765
27.65,213.9,14.3,14.96,3.0588,57.5,25.5,1.306492,1.332767
27.6667,213.2,14.46,14.74,3.0829,57.5,25.5,1.307349,1.333467
27.6833,217.6,14.71,14.79,3.2009,57.7,25.7,1.308238,1.334433
27.7,218.6,14.83,14.74,3.2418,57.5,25.5,1.309138,1.335389
27.7167,220.5,14.67,15.03,3.2347,57.8,25.8,1.310037,1.336205
27.7333,216.3,14.55,14.87,3.1472,57.8,25.8,1.310911,1.337049
27.75,214.8,14.5,14.81,3.1146,58.0,26.0,1.311776,1.338092
27.7667,218.1,14.25,15.31,3.1079,57.5,25.5,1.312639,1.339034
27.7833,218.6,14.65,14.92,3.2025,57.9,25.9,1.313529,1.339695
27.8,217.2,14.19,15.31,3.0821,57.3,25.3,1.314385,1.340692
27.8167,218.2,14.28,15.28,3.1159,57.9,25.9,1.315251,1.341428
27.8333,217.6,14.36,15.15,3.1247,58.0,26.0,1.316119,1.342464
27.85,217.2,14.4,15.08,3.1277,57.6,25.6,1.316988,1.343274
27.8667,217.1,14.29,15.19,3.1024,57.4,25.4,1.317849,1.344193
27.8833,218.3,14.2,15.37,3.0999,57.5,25.5,1.31871,1.345093
27.9,219.3,14.73,14.89,3.2303,57.9,25.9,1.319608,1.345898
27.9167,217.5,14.49,15.01,3.1516,57.8,25.8,1.320483,1.346907
27.9333,218.0,14.62,14.91,3.1872,58.0,26.0,1.321368,1.347878
27.95,216.5,14.4,15.03,3.1176,57.7,25.7,1.322234,1.34872
27.9667,217.0,14.43,15.04,3.1313,57.6,25.6,1.323104,1.349513
27.9833,218.4,14.56,15.0,3.1799,58.2,26.2,1.323988,1.35057
28.0,218.9,14.44,15.16,3.1609,57.2,25.2,1.324866,1.351404
28.0167,216.2,14.42,14.99,3.1176,58.3,26.3,1.325732,1.352204
28.0333,217.9,14.54,14.99,3.1683,57.7,25.7,1.326612,1.353008
28.05,216.5,14.55,14.88,3.1501,57.6,25.6,1.327487,1.354034
28.0667,217.6,14.57,14.93,3.1704,57.2,25.2,1.328367,1.354957
28.0833,214.1,14.76,14.51,3.1601,57.4,25.4,1.329245,1.355761
28.1,214.3,14.2,15.09,3.0431,57.4,25.4,1.33009,1.356807
28.1167,215.6,14.44,14.93,3.1133,57.6,25.6,1.330955,1.357623
28.1333,217.1,14.57,14.9,3.1631,58.4,26.4,1.331834,1.358497
28.15,216.2,14.57,14.84,3.15,57.4,25.4,1.332709,1.359247
28.1667,217.8,14.31,15.22,3.1167,57.7,25.7,1.333575,1.360183
28.1833,218.6,14.45,15.13,3.1588,57.6,25.6,1.334452,1.361145
28.2,217.7,14.54,14.97,3.1654,57.4,25.4,1.335331,1.361792
28.2167,217.5,14.21,15.31,3.0907,57.5,25.5,1.33619,1.362879
28.2333,215.8,14.24,15.15,3.073,57.7,25.7,1.337044,1.363788
28.25,215.3,14.34,15.01,3.0874,58.2,26.2,1.337901,1.364634
28.2667,215.0,14.48,14.85,3.1132,57.4,25.4,1.338766,1.365513
28.2833,217.1,14.33,15.15,3.111,57.3,25.3,1.33963,1.366348
28.3,214.5,14.38,14.92,3.0845,57.1,25.1,1.340487,1.367309
28.3167,216.7,14.35,15.1,3.1096,57.6,25.6,1.341351,1.368211
28.3333,216.0,14.62,14.77,3.1579,57.3,25.3,1.342228,1.369092
28.35,216.5,14.63,14.8,3.1674,57.6,25.6,1.343108,1.36995
28.3667,218.0,14.48,15.06,3.1566,57.5,25.5,1.343985,1.370925
28.3833,220.2,14.56,15.12,3.2061,57.4,25.4,1.344875,1.371888
28.4,215.2,14.62,14.72,3.1462,57.8,25.8,1.345749,1.372725
28.4167,213.3,14.41,14.8,3.0737,57.8,25.8,1.346603,1.373405
28.4333,214.3,14.47,14.81,3.1009,57.8,25.8,1.347464,1.37423
28.45,216.2,14.41,15.0,3.1154,57.6,25.6,1.34833,1.375148
28.4667,217.7,14.57,14.94,3.1719,57.5,25.5,1.349211,1.376166
28.4833,219.4,14.09,15.57,3.0913,57.5,25.5,1.350069,1.377135
28.5,217.1,14.53,14.94,3.1545,57.8,25.8,1.350946,1.377901
28.5167,219.4,14.65,14.98,3.2142,57.6,25.6,1.351838,1.37886
28.5333,217.6,14.65,14.85,3.1878,57.5,25.5,1.352724,1.379744
28.55,218.1,14.52,15.02,3.1668,57.4,25.4,1.353604,1.380755
28.5667,217.9,14.79,14.73,3.2227,57.5,25.5,1.354499,1.381646
28.5833,215.3,14.43,14.92,3.1068,57.3,25.3,1.355362,1.382332
28.6,216.3,14.64,14.77,3.1666,57.0,25.0,1.356241,1.383417
28.6167,217.5,14.55,14.95,3.1646,57.2,25.2,1.357121,1.384151
28.6333,216.1,14.76,14.64,3.1896,57.7,25.7,1.358007,1.385179
28.65,214.8,14.29,15.03,3.0695,57.7,25.7,1.358859,1.386005
28.6667,218.6,14.46,15.12,3.161,57.1,25.1,1.359737,1.386926
28.6833,218.3,14.68,14.87,3.2046,57.5,25.5,1.360627,1.387887
28.7,215.7,14.59,14.78,3.1471,57.1,25.1,1.361502,1.388818
28.7167,219.7,14.51,15.14,3.1878,57.3,25.3,1.362387,1.389734
28.7333,217.7,14.62,14.89,3.1828,57.5,25.5,1.363271,1.390442
28.75,216.3,14.46,14.96,3.1277,57.5,25.5,1.36414,1.391318
28.7667,219.7,14.54,15.11,3.1944,57.3,25.3,1.365027,1.392381
28.7833,217.8,14.22,15.32,3.0971,57.6,25.6,1.365888,1.393114
28.8,217.2,14.58,14.9,3.1668,58.1,26.1,1.366767,1.394114
28.8167,216.8,14.56,14.89,3.1566,57.2,25.2,1.367644,1.395257
28.8333,217.5,14.53,14.97,3.1603,57.5,25.5,1.368522,1.395746
28.85,214.5,14.3,15.0,3.0674,57.9,25.9,1.369374,1.396812
28.8667,214.9,14.45,14.87,3.1053,57.3,25.3,1.370237,1.397631
28.8833,218.3,14.31,15.26,3.1239,57.3,25.3,1.371104,1.398498
28.9,213.7,14.48,14.76,3.0944,57.7,25.7,1.371964,1.399407
28.9167,216.4,14.17,15.27,3.0664,57.4,25.4,1.372816,1.400169
28.9333,218.8,14.55,15.04,3.1835,57.6,25.6,1.3737,1.401033
28.95,214.0,14.4,14.86,3.0816,57.5,25.5,1.374556,1.401947
28.9667,218.2,14.54,15.01,3.1726,57.7,25.7,1.375437,1.402967
28.9833,214.6,14.46,14.84,3.1031,58.1,26.1,1.376299,1.404046
29.0,217.6,14.49,15.02,3.153,57.1,25.1,1.377175,1.40468
29.0167,216.1,14.5,14.9,3.1334,58.0,26.0,1.378045,1.405637
29.0333,216.4,14.41,15.02,3.1183,57.5,25.5,1.378912,1.406331
29.05,216.9,14.57,14.89,3.1602,57.7,25.7,1.37979,1.407421
29.0667,216.0,14.4,15.0,3.1104,57.9,25.9,1.380654,1.408309
29.0833,217.9,14.59,14.93,3.1792,57.4,25.4,1.381537,1.409058
29.1,216.7,14.77,14.67,3.2007,57.8,25.8,1.382426,1.410065
29.1167,215.7,14.67,14.7,3.1643,57.1,25.1,1.383305,1.410943
29.1333,218.0,14.43,15.11,3.1457,57.6,25.6,1.384178,1.411707
29.15,214.9,14.39,14.93,3.0924,57.2,25.2,1.385037,1.412729
29.1667,218.7,14.41,15.18,3.1515,57.6,25.6,1.385913,1.413546
29.1833,218.4,14.69,14.87,3.2083,57.5,25.5,1.386804,1.414504
29.2,218.2,14.79,14.75,3.2272,57.1,25.1,1.387701,1.415471
29.2167,218.3,14.38,15.18,3.1392,57.1,25.1,1.388573,1.41628
29.2333,217.7,14.41,15.11,3.1371,57.1,25.1,1.389444,1.417234
29.25,218.3,14.18,15.39,3.0955,56.6,24.6,1.390304,1.418128
29.2667,216.3,14.54,14.88,3.145,57.8,25.8,1.391177,1.419114
29.2833,218.7,14.66,14.92,3.2061,57.5,25.5,1.392068,1.419871
29.3,218.7,14.54,15.04,3.1799,57.4,25.4,1.392951,1.42057
29.3167,219.7,14.25,15.42,3.1307,57.2,25.2,1.393821,1.421636
29.3333,218.3,14.64,14.91,3.1959,57.6,25.6,1.394709,1.422617
29.35,220.3,14.18,15.54,3.1239,57.3,25.3,1.395576,1.423597
29.3667,216.2,14.52,14.89,3.1392,57.3,25.3,1.396448,1.424361
29.3833,215.1,14.75,14.58,3.1727,57.5,25.5,1.39733,1.425457
29.4,217.1,14.42,15.06,3.1306,57.0,25.0,1.398199,1.426328
29.4167,218.0,14.33,15.21,3.1239,56.8,24.8,1.399067,1.426962
29.4333,215.3,14.53,14.82,3.1283,57.3,25.3,1.399936,1.427801
29.45,215.2,14.51,14.83,3.1226,57.1,25.1,1.400803,1.428846
29.4667,217.9,14.21,15.33,3.0964,57.1,25.1,1.401664,1.429857
29.4833,215.7,14.42,14.96,3.1104,57.4,25.4,1.402528,1.430678
29.5,216.0,14.13,15.29,3.0521,57.8,25.8,1.403375,1.431339
29.5167,214.6,14.32,14.99,3.0731,57.3,25.3,1.404229,1.432188
29.5333,214.7,14.57,14.74,3.1282,57.2,25.2,1.405098,1.433181
29.55,216.6,14.41,15.03,3.1212,57.1,25.1,1.405965,1.433995
29.5667,217.6,14.68,14.82,3.1944,57.5,25.5,1.406852,1.435095
29.5833,216.5,14.56,14.87,3.1522,57.5,25.5,1.407728,1.435858
29.6,217.3,14.76,14.72,3.2073,57.4,25.4,1.408619,1.436948
29.6167,215.9,14.62,14.77,3.1565,57.5,25.5,1.409496,1.437558
29.6333,217.3,14.46,15.03,3.1422,57.4,25.4,1.410368,1.438559
29.65,217.6,14.36,15.15,3.1247,57.5,25.5,1.411236,1.439394
29.6667,217.7,14.5,15.01,3.1566,57.5,25.5,1.412113,1.440391
29.6833,217.9,14.57,14.96,3.1748,57.6,25.6,1.412995,1.441301
29.7,217.5,14.42,15.08,3.1363,57.1,25.1,1.413866,1.442085
29.7167,217.1,14.55,14.92,3.1588,57.1,25.1,1.414744,1.443095
29.7333,217.7,14.39,15.13,3.1327,56.9,24.9,1.415614,1.444058
29.75,217.7,14.57,14.94,3.1719,57.3,25.3,1.416495,1.444692
29.7667,217.1,14.25,15.24,3.0937,57.2,25.2,1.417354,1.445734
29.7833,217.6,14.66,14.84,3.19,57.0,25.0,1.418241,1.446669
29.8,217.6,14.41,15.1,3.1356,57.5,25.5,1.419112,1.447442
29.8167,216.5,14.72,14.71,3.1869,57.3,25.3,1.419997,1.448524
29.8333,215.8,14.53,14.85,3.1356,57.2,25.2,1.420868,1.449308
29.85,216.2,14.43,14.98,3.1198,57.6,25.6,1.421734,1.45015
29.8667,216.8,14.76,14.69,3.2,57.0,25.0,1.422623,1.451051
29.8833,216.1,14.64,14.76,3.1637,57.6,25.6,1.423502,1.451973
29.9,215.9,14.56,14.83,3.1435,57.3,25.3,1.424375,1.452862
29.9167,216.3,14.66,14.75,3.171,56.8,24.8,1.425256,1.453651
29.9333,218.0,14.4,15.14,3.1392,57.0,25.0,1.426128,1.454553
29.95,217.0,14.45,15.02,3.1356,57.3,25.3,1.426999,1.455411
29.9667,218.4,14.45,15.11,3.1559,57.4,25.4,1.427876,1.456472
29.9833,216.6,14.39,15.05,3.1169,56.9,24.9,1.428742,1.457373
30.0,216.7,14.63,14.81,3.1703,57.2,25.2,1.429622,1.458131
30.0167,219.5,14.48,15.16,3.1784,57.1,25.1,1.430505,1.459137
30.0333,216.9,14.64,14.82,3.1754,56.9,24.9,1.431387,1.460049
30.05,217.2,14.73,14.75,3.1994,57.3,25.3,1.432276,1.460916
30.0667,217.5,14.18,15.34,3.0842,57.1,25.1,1.433133,1.461704
30.0833,215.6,14.69,14.68,3.1672,57.3,25.3,1.434012,1.462569
30.1,214.9,14.55,14.77,3.1268,57.3,25.3,1.434881,1.46359
30.1167,215.1,14.61,14.72,3.1426,57.1,25.1,1.435754,1.464387
30.1333,214.4,14.61,14.67,3.1324,57.1,25.1,1.436624,1.465405
30.15,214.7,14.53,14.78,3.1196,57.6,25.6,1.437491,1.466246
30.1667,216.4,14.65,14.77,3.1703,57.3,25.3,1.438371,1.467158
30.1833,220.3,14.43,15.27,3.1789,57.2,25.2,1.439254,1.468073
30.2,216.2,14.4,15.01,3.1133,57.2,25.2,1.440119,1.46885
30.2167,217.1,14.36,15.12,3.1176,57.1,25.1,1.440985,1.470017
30.2333,216.0,14.47,14.93,3.1255,57.4,25.4,1.441853,1.470865
30.25,218.8,14.26,15.34,3.1201,56.9,24.9,1.44272,1.471525
30.2667,216.3,14.29,15.14,3.0909,56.8,24.8,1.443579,1.472389
30.2833,216.8,14.45,15.0,3.1328,57.3,25.3,1.444449,1.473364
30.3,218.9,14.49,15.11,3.1719,57.3,25.3,1.44533,1.474357
30.3167,216.0,14.52,14.88,3.1363,56.8,24.8,1.446201,1.474846
30.3333,215.3,14.44,14.91,3.1089,57.2,25.2,1.447065,1.476134
30.35,218.0,14.16,15.4,3.0869,56.8,24.8,1.447922,1.476695
30.3667,218.1,14.84,14.7,3.2366,56.3,24.3,1.448821,1.477932
30.3833,219.2,14.47,15.15,3.1718,56.9,24.9,1.449702,1.478716
30.4,213.9,14.52,14.73,3.1058,57.2,25.2,1.450565,1.479656
30.4167,217.8,14.36,15.17,3.1276,57.4,25.4,1.451434,1.480464
30.4333,218.0,14.67,14.86,3.1981,57.7,25.7,1.452322,1.481394
30.45,216.8,14.66,14.79,3.1783,57.4,25.4,1.453205,1.482303
30.4667,218.1,14.57,14.97,3.1777,57.1,25.1,1.454088,1.483137
30.4833,217.3,14.23,15.27,3.0922,56.8,24.8,1.454947,1.483968
30.5,218.0,14.44,15.1,3.1479,57.4,25.4,1.455821,1.484984
30.5167,217.4,14.47,15.02,3.1458,56.9,24.9,1.456695,1.485982
30.5333,216.1,14.74,14.66,3.1853,56.8,24.8,1.45758,1.486615
30.55,215.6,14.36,15.01,3.096,57.3,25.3,1.45844,1.487626
30.5667,217.3,14.63,14.85,3.1791,57.2,25.2,1.459323,1.488479
30.5833,219.4,14.73,14.89,3.2318,56.9,24.9,1.46022,1.489455
30.6,216.6,14.46,14.98,3.132,57.0,25.0,1.46109,1.490197
30.6167,218.4,14.46,15.1,3.1581,57.6,25.6,1.461968,1.491302
30.6333,219.0,14.52,15.08,3.1799,57.1,25.1,1.462851,1.492096
30.65,218.8,14.3,15.3,3.1288,57.5,25.5,1.46372,1.492899
30.6667,220.0,14.31,15.37,3.1482,57.2,25.2,1.464595,1.493779
30.6833,217.9,14.45,15.08,3.1487,57.5,25.5,1.465469,1.494859
30.7,218.1,14.74,14.8,3.2148,57.3,25.3,1.466362,1.495812
30.7167,216.1,14.42,14.99,3.1162,56.7,24.7,1.467228,1.496649
30.7333,217.4,14.39,15.11,3.1284,57.2,25.2,1.468097,1.497425
30.75,218.5,14.44,15.13,3.1551,57.6,25.6,1.468973,1.498311
30.7667,219.9,14.38,15.29,3.1622,57.2,25.2,1.469852,1.499193
30.7833,218.3,14.45,15.11,3.1544,57.1,25.1,1.470728,1.500152
30.8,215.8,14.31,15.08,3.0881,57.5,25.5,1.471586,1.501059
30.8167,214.4,14.65,14.63,3.141,56.9,24.9,1.472458,1.501938
30.8333,220.1,14.6,15.08,3.2135,57.2,25.2,1.473351,1.502729
30.85,215.0,14.39,14.94,3.0938,57.5,25.5,1.47421,1.503679
30.8667,218.7,14.4,15.19,3.1493,57.5,25.5,1.475085,1.504555
30.8833,217.4,14.42,15.08,3.1349,56.6,24.6,1.475956,1.505525
30.9,217.3,14.6,14.88,3.1726,57.3,25.3,1.476837,1.506375
30.9167,219.1,14.53,15.08,3.1835,57.1,25.1,1.477721,1.507438
30.9333,216.6,14.63,14.81,3.1689,57.1,25.1,1.478602,1.508106
30.95,221.2,14.68,15.07,3.2472,57.0,25.0,1.479504,1.509123
30.9667,217.1,14.57,14.9,3.1631,57.0,25.0,1.480382,1.510054
30.9833,215.7,14.28,15.11,3.0802,57.2,25.2,1.481238,1.510869
31.0,217.9,14.53,15.0,3.1661,57.4,25.4,1.482117,1.511655
31.0167,218.6,14.4,15.18,3.1478,57.1,25.1,1.482992,1.51267
31.0333,214.2,14.68,14.59,3.1445,57.5,25.5,1.483865,1.513562
31.05,218.8,14.31,15.29,3.131,57.6,25.6,1.484735,1.51458
31.0667,218.0,14.46,15.08,3.1523,57.2,25.2,1.485611,1.515186
31.0833,215.5,14.88,14.48,3.2066,57.7,25.7,1.486501,1.516228
31.1,216.6,14.54,14.9,3.1494,57.5,25.5,1.487376,1.517303
31.1167,216.1,14.53,14.87,3.1399,56.9,24.9,1.488248,1.51808
31.1333,214.6,14.17,15.14,3.0409,57.1,25.1,1.489093,1.518906
31.15,216.4,14.43,15.0,3.1227,56.5,24.5,1.48996,1.519721
31.1667,217.4,14.48,15.01,3.148,57.2,25.2,1.490835,1.520457
31.1833,213.8,14.73,14.51,3.1493,57.2,25.2,1.49171,1.521499
31.2,217.8,14.65,14.87,3.1908,57.0,25.0,1.492596,1.522417
31.2167,216.9,14.25,15.22,3.0908,56.8,24.8,1.493455,1.523229
31.2333,217.0,14.33,15.14,3.1096,56.9,24.9,1.494318,1.524292
31.25,214.8,14.42,14.9,3.0974,56.8,24.8,1.495179,1.525085
31.2667,219.0,14.23,15.39,3.1164,57.0,25.0,1.496044,1.525952
31.2833,218.0,14.52,15.01,3.1654,57.2,25.2,1.496924,1.526786
31.3,220.0,14.39,15.29,3.1658,56.4,24.4,1.497803,1.527658
31.3167,218.3,14.37,15.19,3.137,57.1,25.1,1.498674,1.528679
31.3333,217.5,14.37,15.14,3.1255,56.7,24.7,1.499543,1.529477
31.35,215.9,14.39,15.0,3.1068,56.7,24.7,1.500406,1.530435
31.3667,215.8,14.54,14.84,3.1377,56.9,24.9,1.501277,1.531345
31.3833,219.1,14.52,15.09,3.1813,56.9,24.9,1.502161,1.532236
31.4,215.5,14.6,14.76,3.1463,56.7,24.7,1.503035,1.532958
31.4167,216.7,14.56,14.88,3.1552,57.1,25.1,1.503911,1.534002
31.4333,217.9,14.53,15.0,3.1661,56.9,24.9,1.504791,1.534961
31.45,214.9,14.59,14.73,3.1354,56.9,24.9,1.505662,1.53593
31.4667,216.9,15.04,14.42,3.2622,57.0,25.0,1.506568,1.536535
31.4833,216.9,14.52,14.94,3.1494,56.8,24.8,1.507443,1.537769
31.5,215.5,14.53,14.83,3.1312,56.7,24.7,1.508313,1.538552
31.5167,215.6,14.4,14.97,3.1046,56.5,24.5,1.509175,1.539345
31.5333,218.2,14.59,14.96,3.1835,57.0,25.0,1.510059,1.540425
31.55,217.3,14.32,15.17,3.1117,57.1,25.1,1.510924,1.540978
31.5667,215.4,14.47,14.89,3.1168,57.0,25.0,1.511789,1.541941
31.5833,219.4,14.6,15.03,3.2032,56.9,24.9,1.512679,1.542868
31.6,217.6,14.32,15.2,3.116,56.7,24.7,1.513545,1.543909
31.6167,219.6,14.75,14.89,3.2391,57.5,25.5,1.514444,1.544744
31.6333,215.8,14.57,14.81,3.1442,56.6,24.6,1.515318,1.545698
31.65,218.5,14.29,15.29,3.1224,56.7,24.7,1.516185,1.546488
31.6667,217.4,14.76,14.73,3.2088,57.1,25.1,1.517077,1.547391
31.6833,216.6,14.63,14.81,3.1689,56.7,24.7,1.517957,1.548217
31.7,215.1,14.27,15.07,3.0695,57.1,25.1,1.518809,1.549177
31.7167,218.2,14.36,15.19,3.1334,57.0,25.0,1.51968,1.550118
31.7333,216.3,14.35,15.07,3.1039,57.0,25.0,1.520542,1.550926
31.75,218.2,14.65,14.89,3.1966,57.4,25.4,1.52143,1.551889
31.7667,217.1,14.4,15.08,3.1262,57.6,25.6,1.522298,1.552853
31.7833,218.1,14.48,15.06,3.1581,56.9,24.9,1.523176,1.553607
31.8,217.6,14.67,14.83,3.1922,57.2,25.2,1.524062,1.554718
31.8167,217.5,14.43,15.07,3.1385,57.2,25.2,1.524934,1.555512
31.8333,217.1,14.44,15.03,3.1349,57.5,25.5,1.525805,1.556265
31.85,217.7,14.57,14.94,3.1719,56.5,24.5,1.526686,1.557285
31.8667,217.3,14.3,15.2,3.1074,57.3,25.3,1.527549,1.55805
31.8833,217.0,14.27,15.21,3.0966,56.9,24.9,1.528409,1.55899
31.9,217.4,14.53,14.96,3.1588,56.5,24.5,1.529287,1.55998
31.9167,216.5,14.17,15.28,3.0678,57.1,25.1,1.530139,1.560665
31.9333,215.9,14.28,15.12,3.0831,56.8,24.8,1.530995,1.561816
31.95,217.6,14.28,15.24,3.1073,56.8,24.8,1.531858,1.562414
31.9667,215.2,14.29,15.06,3.0752,57.0,25.0,1.532713,1.563434
31.9833,215.6,14.7,14.67,3.1693,56.2,24.2,1.533593,1.564322
32.0,218.8,14.58,15.01,3.1901,56.3,24.3,1.534479,1.565318
32.0167,220.0,14.52,15.15,3.1944,56.8,24.8,1.535367,1.566213
32.0333,220.2,14.41,15.28,3.1731,56.7,24.7,1.536248,1.566821
32.05,218.7,14.54,15.04,3.1799,57.3,25.3,1.537131,1.567868
32.0667,217.0,14.56,14.9,3.1595,57.3,25.3,1.538009,1.568874
32.0833,218.5,14.42,15.15,3.1508,56.9,24.9,1.538884,1.569781
32.1,217.1,14.44,15.03,3.1349,56.7,24.7,1.539755,1.570394
32.1167,218.7,14.32,15.27,3.1318,57.0,25.0,1.540625,1.571358
32.1333,217.0,14.57,14.89,3.1617,57.1,25.1,1.541503,1.572289
32.15,215.3,14.5,14.85,3.1219,57.2,25.2,1.54237,1.57327
32.1667,220.7,14.52,15.2,3.2046,57.2,25.2,1.54326,1.574269
32.1833,216.2,14.55,14.86,3.1457,57.0,25.0,1.544134,1.575022
32.2,218.8,14.45,15.14,3.1617,56.8,24.8,1.545013,1.575938
32.2167,214.8,14.52,14.79,3.1189,57.0,25.0,1.545879,1.576874
32.2333,217.4,14.51,14.98,3.1545,56.7,24.7,1.546755,1.577628
32.25,214.3,14.41,14.87,3.0881,57.0,25.0,1.547613,1.578433
32.2667,213.9,14.43,14.82,3.0866,56.6,24.6,1.54847,1.579494
32.2833,217.0,14.51,14.96,3.1487,56.9,24.9,1.549345,1.580163
32.3,216.4,14.63,14.79,3.1659,56.8,24.8,1.550224,1.581273
32.3167,219.1,14.1,15.54,3.0893,56.7,24.7,1.551083,1.58216
32.3333,216.1,14.45,14.96,3.1226,57.2,25.2,1.55195,1.582869
32.35,216.2,14.54,14.87,3.1435,57.0,25.0,1.552823,1.583969
32.3667,217.8,14.6,14.92,3.1799,56.6,24.6,1.553706,1.584756
32.3833,218.8,14.55,15.04,3.1835,56.9,24.9,1.554591,1.585664
32.4,218.4,14.53,15.03,3.1734,56.9,24.9,1.555472,1.586672
32.4167,218.4,14.44,15.12,3.1537,56.7,24.7,1.556348,1.587485
32.4333,215.0,14.59,14.74,3.1368,56.7,24.7,1.55722,1.588391
32.45,218.2,14.52,15.03,3.1683,56.1,24.1,1.5581,1.589095
32.4667,218.1,14.65,14.89,3.1952,57.4,25.4,1.558987,1.590155
32.4833,220.3,14.68,15.01,3.234,56.1,24.1,1.559886,1.590918
32.5,214.9,14.43,14.89,3.101,57.2,25.2,1.560747,1.591935
32.5167,218.9,14.39,15.21,3.15,57.0,25.0,1.561622,1.592796
32.5333,215.6,14.6,14.77,3.1478,56.6,24.6,1.562496,1.593864
32.55,216.3,14.37,15.05,3.1082,56.6,24.6,1.56336,1.594571
32.5667,214.7,14.12,15.21,3.0316,56.8,24.8,1.564202,1.595623
32.5833,216.2,14.6,14.81,3.1565,56.7,24.7,1.565079,1.596212
32.6,216.6,14.46,14.98,3.132,56.6,24.6,1.565949,1.597327
32.6167,217.8,14.56,14.96,3.1712,57.4,25.4,1.56683,1.59822
32.6333,214.9,14.2,15.13,3.0516,56.7,24.7,1.567677,1.598942
32.65,219.1,14.46,15.15,3.1682,56.8,24.8,1.568557,1.599807
32.6667,216.7,14.71,14.73,3.1877,56.7,24.7,1.569443,1.600853
32.6833,215.9,14.58,14.81,3.1478,56.8,24.8,1.570317,1.601848
32.7,215.8,14.68,14.7,3.1679,56.7,24.7,1.571197,1.602774
32.7167,215.0,14.46,14.87,3.1089,56.5,24.5,1.572061,1.603562
32.7333,217.1,14.48,14.99,3.1436,56.8,24.8,1.572934,1.604365
32.75,219.0,14.58,15.02,3.193,56.9,24.9,1.573821,1.60535
32.7667,218.1,14.67,14.87,3.1995,57.1,25.1,1.57471,1.606002
32.7833,217.6,14.51,15.0,3.1574,56.7,24.7,1.575587,1.607013
32.8,215.9,14.48,14.91,3.1262,56.8,24.8,1.576455,1.608052
32.8167,218.6,14.46,15.12,3.161,56.6,24.6,1.577333,1.60882
32.8333,216.4,14.51,14.91,3.14,57.0,25.0,1.578205,1.609752
32.85,218.4,14.58,14.98,3.1843,56.2,24.2,1.57909,1.610666
32.8667,214.2,14.52,14.75,3.1102,56.7,24.7,1.579954,1.611534
32.8833,219.0,14.28,15.34,3.1273,56.7,24.7,1.580822,1.612214
32.9,216.5,14.43,15.0,3.1241,56.7,24.7,1.58169,1.613248
32.9167,217.4,14.34,15.16,3.1175,56.4,24.4,1.582556,1.614304
32.9333,217.4,14.57,14.92,3.1675,56.5,24.5,1.583436,1.615116
32.95,217.2,14.51,14.97,3.1516,56.2,24.2,1.584312,1.615997
32.9667,217.2,14.16,15.34,3.0756,57.4,25.4,1.585166,1.616772
32.9833,218.2,14.38,15.17,3.1377,56.4,24.4,1.586037,1.617655
33.0,217.2,14.46,15.02,3.1407,56.9,24.9,1.58691,1.618601
33.0167,216.6,14.41,15.03,3.1212,56.5,24.5,1.587777,1.619562
33.0333,215.8,14.71,14.67,3.1744,56.3,24.3,1.588659,1.620425
33.05,214.9,14.41,14.91,3.0967,56.3,24.3,1.589519,1.621124
33.0667,215.9,14.49,14.9,3.1284,57.2,25.2,1.590388,1.622235
33.0833,215.3,14.35,15.0,3.0896,56.5,24.5,1.591246,1.622935
33.1,218.6,14.49,15.09,3.1675,56.6,24.6,1.592126,1.623899
33.1167,214.8,14.2,15.13,3.0502,56.7,24.7,1.592973,1.624819
33.1333,214.9,14.53,14.79,3.1225,56.9,24.9,1.593841,1.625667
33.15,215.3,14.22,15.14,3.0616,56.5,24.5,1.594691,1.626577
33.1667,218.3,14.25,15.32,3.1108,56.6,24.6,1.595555,1.627551
33.1833,216.6,14.72,14.71,3.1884,56.5,24.5,1.596441,1.628427
33.2,218.6,14.24,15.35,3.1129,56.6,24.6,1.597306,1.629209
33.2167,215.0,14.33,15.0,3.0809,56.5,24.5,1.598161,1.630171
33.2333,213.5,14.5,14.72,3.0957,56.4,24.4,1.599021,1.631053
33.25,216.8,14.78,14.67,3.2043,56.7,24.7,1.599911,1.63191
33.2667,215.3,14.44,14.91,3.1089,56.4,24.4,1.600775,1.632656
33.2833,218.3,14.57,14.98,3.1806,56.6,24.6,1.601658,1.633628
33.3,220.3,14.65,15.04,3.2274,56.1,24.1,1.602555,1.634662
33.3167,217.5,14.52,14.98,3.1581,56.8,24.8,1.603432,1.635655
33.3333,220.2,14.48,15.21,3.1885,56.3,24.3,1.604318,1.63648
33.35,214.9,14.29,15.04,3.0709,56.7,24.7,1.605171,1.637346
33.3667,217.8,14.41,15.11,3.1385,56.4,24.4,1.606043,1.638275
33.3833,217.3,14.28,15.22,3.103,56.7,24.7,1.606905,1.639064
33.4,216.8,14.5,14.95,3.1436,55.8,23.8,1.607778,1.639787
33.4167,218.0,14.65,14.88,3.1937,57.0,25.0,1.608665,1.640844
33.4333,216.8,14.75,14.7,3.1978,56.9,24.9,1.609553,1.641697
33.45,218.4,14.42,15.15,3.1493,56.2,24.2,1.610428,1.642789
33.4667,217.0,14.78,14.68,3.2073,57.0,25.0,1.611319,1.643492
33.4833,217.4,14.46,15.03,3.1436,56.4,24.4,1.612192,1.644506
33.5,218.0,14.63,14.9,3.1893,56.4,24.4,1.613078,1.645187
33.5167,216.5,14.56,14.87,3.1522,56.1,24.1,1.613954,1.646112
33.5333,219.3,14.46,15.17,3.1711,56.7,24.7,1.614835,1.647043
33.55,215.5,14.34,15.03,3.0903,56.3,24.3,1.615693,1.648023
33.5667,221.1,14.67,15.07,3.2435,57.1,25.1,1.616594,1.648878
33.5833,217.1,14.64,14.83,3.1783,57.1,25.1,1.617477,1.649878
33.6,218.4,14.43,15.14,3.1515,56.3,24.3,1.618352,1.650656
33.6167,216.6,14.45,14.99,3.1299,55.9,23.9,1.619222,1.651707
33.6333,215.1,14.9,14.44,3.205,57.0,25.0,1.620112,1.652344
33.65,215.8,14.49,14.89,3.1269,56.6,24.6,1.620981,1.653452
33.6667,216.8,14.31,15.15,3.1024,56.8,24.8,1.621842,1.654186
33.6833,218.9,14.69,14.9,3.2156,56.4,24.4,1.622736,1.655332
33.7,216.1,14.21,15.21,3.0708,56.7,24.7,1.623589,1.656155
33.7167,218.5,14.67,14.89,3.2054,56.6,24.6,1.624479,1.657037
33.7333,214.8,14.5,14.81,3.1146,56.8,24.8,1.625344,1.657908
33.75,216.1,14.48,14.92,3.1291,57.1,25.1,1.626213,1.658644
33.7667,215.9,14.51,14.88,3.1327,56.5,24.5,1.627083,1.659739
33.7833,216.5,14.56,14.87,3.1522,56.8,24.8,1.627959,1.660611
33.8,216.4,14.49,14.93,3.1356,56.3,24.3,1.62883,1.661217
33.8167,215.9,14.73,14.66,3.1802,56.2,24.2,1.629713,1.662223
33.8333,218.7,14.33,15.26,3.134,56.5,24.5,1.630584,1.663098
33.85,215.5,14.38,14.99,3.0989,56.9,24.9,1.631445,1.663931
33.8667,217.7,14.51,15.0,3.1588,56.6,24.6,1.632322,1.664991
33.8833,213.5,14.48,14.74,3.0915,56.5,24.5,1.633181,1.665795
33.9,219.2,14.3,15.33,3.1346,56.9,24.9,1.634052,1.666695
33.9167,217.0,14.55,14.91,3.1574,55.9,23.9,1.634929,1.667584
33.9333,216.8,14.63,14.82,3.1718,56.2,24.2,1.63581,1.668639
33.95,215.3,14.55,14.8,3.1326,56.3,24.3,1.63668,1.669371
33.9667,218.1,14.35,15.2,3.1297,56.3,24.3,1.637549,1.670314
33.9833,216.0,14.77,14.62,3.1903,56.2,24.2,1.638436,1.671204
34.0,216.5,14.43,15.0,3.1241,56.2,24.2,1.639303,1.671935
34.0167,215.1,14.44,14.9,3.106,56.2,24.2,1.640166,1.673253
34.0333,220.6,14.86,14.85,3.2781,56.4,24.4,1.641077,1.673788
34.05,215.5,14.58,14.78,3.142,56.4,24.4,1.64195,1.674695
34.0667,216.8,14.63,14.82,3.1718,56.6,24.6,1.642831,1.675626
34.0833,214.3,14.47,14.81,3.1009,56.4,24.4,1.643692,1.676535
34.1,216.3,14.56,14.86,3.1493,56.2,24.2,1.644567,1.677466
34.1167,216.8,14.72,14.73,3.1913,57.0,25.0,1.645453,1.678112
34.1333,216.6,14.37,15.07,3.1125,56.1,24.1,1.646318,1.67897
34.15,215.5,14.51,14.85,3.1269,56.2,24.2,1.647186,1.680116
34.1667,216.1,14.47,14.93,3.127,56.6,24.6,1.648055,1.680938
34.1833,218.8,14.67,14.91,3.2098,56.0,24.0,1.648947,1.681838
34.2,215.1,14.64,14.69,3.1491,56.3,24.3,1.649821,1.682834
34.2167,218.8,14.65,14.94,3.2054,56.4,24.4,1.650712,1.68378
34.2333,219.4,14.55,15.08,3.1923,56.4,24.4,1.651599,1.684617
34.25,215.1,14.47,14.87,3.1125,56.1,24.1,1.652463,1.685243
34.2667,219.9,14.72,14.94,3.2369,55.9,23.9,1.653362,1.686514
34.2833,216.7,14.56,14.88,3.1552,56.6,24.6,1.654239,1.687313
34.3,218.4,14.9,14.66,3.2542,56.2,24.2,1.655143,1.688137
34.3167,216.6,14.71,14.72,3.1862,56.4,24.4,1.656028,1.689163
34.3333,218.7,14.51,15.07,3.1733,56.1,24.1,1.656909,1.689817
34.35,215.8,14.42,14.97,3.1118,56.2,24.2,1.657774,1.690763
34.3667,214.8,14.36,14.96,3.0845,56.7,24.7,1.65863,1.691694
34.3833,219.2,14.47,15.15,3.1718,56.3,24.3,1.659511,1.692739
34.4,217.9,14.65,14.87,3.1922,56.2,24.2,1.660398,1.693502
34.4167,217.3,14.69,14.79,3.1921,56.2,24.2,1.661285,1.694475
34.4333,214.3,14.49,14.79,3.1052,56.6,24.6,1.662147,1.695495
34.45,215.7,14.4,14.98,3.1061,56.3,24.3,1.66301,1.696251
34.4667,218.3,14.8,14.75,3.2308,56.5,24.5,1.663908,1.697124
34.4833,216.7,14.51,14.93,3.1443,56.0,24.0,1.664781,1.698034
34.5,215.4,14.57,14.78,3.1384,56.0,24.0,1.665653,1.69895
34.5167,214.4,14.44,14.85,3.0959,56.7,24.7,1.666513,1.699961
34.5333,216.3,14.81,14.6,3.2034,56.6,24.6,1.667403,1.700873
34.55,218.7,14.58,15.0,3.1886,56.4,24.4,1.668288,1.701605
34.5667,217.7,14.57,14.94,3.1719,56.6,24.6,1.669169,1.702662
34.5833,216.7,14.52,14.92,3.1465,56.7,24.7,1.670043,1.703429
34.6,218.4,14.38,15.19,3.1406,55.7,23.7,1.670916,1.704446
34.6167,217.0,14.63,14.83,3.1747,56.7,24.7,1.671798,1.705194
34.6333,214.8,14.55,14.76,3.1253,56.0,24.0,1.672666,1.706164
34.65,215.3,14.44,14.91,3.1089,56.6,24.6,1.673529,1.706992
34.6667,216.8,14.4,15.06,3.1219,56.8,24.8,1.674397,1.707992
34.6833,218.0,14.51,15.02,3.1632,56.2,24.2,1.675275,1.708961
34.7,216.5,14.7,14.73,3.1825,56.4,24.4,1.676159,1.709775
34.7167,218.5,14.64,14.92,3.1988,56.6,24.6,1.677048,1.710623
34.7333,219.2,14.26,15.37,3.1258,56.2,24.2,1.677916,1.711499
34.75,218.6,14.5,15.08,3.1697,56.2,24.2,1.678797,1.712256
34.7667,218.0,14.72,14.81,3.209,56.8,24.8,1.679688,1.713277
34.7833,218.4,14.55,15.01,3.1777,56.0,24.0,1.680571,1.714027
34.8,216.0,14.38,15.02,3.1061,56.9,24.9,1.681434,1.715319
34.8167,217.1,14.47,15.0,3.1414,56.2,24.2,1.682306,1.715928
34.8333,217.5,14.55,14.95,3.1646,56.2,24.2,1.683185,1.716838
34.85,215.9,14.41,14.98,3.1111,56.2,24.2,1.684049,1.717799
34.8667,216.2,14.57,14.84,3.15,56.6,24.6,1.684924,1.718629
34.8833,216.7,14.64,14.8,3.1725,56.9,24.9,1.685806,1.719661
34.9,219.2,14.61,15.0,3.2025,56.1,24.1,1.686695,1.720603
34.9167,217.1,14.32,15.16,3.1089,56.1,24.1,1.687559,1.721119
34.9333,216.3,14.31,15.12,3.0953,56.5,24.5,1.688419,1.72215
34.95,216.5,14.64,14.79,3.1696,56.0,24.0,1.689299,1.723221
34.9667,216.6,14.68,14.75,3.1797,55.8,23.8,1.690182,1.723877
34.9833,217.1,14.42,15.06,3.1306,56.7,24.7,1.691052,1.72488
35.0,217.6,14.54,14.97,3.1639,55.9,23.9,1.691931,1.725882
35.0167,217.8,14.73,14.79,3.2082,56.8,24.8,1.692822,1.726653
35.0333,219.1,14.5,15.11,3.1769,56.2,24.2,1.693704,1.727517
35.05,216.8,14.77,14.68,3.2021,56.0,24.0,1.694594,1.728485
35.0667,218.6,14.18,15.42,3.0997,56.7,24.7,1.695455,1.72924
35.0833,219.8,14.4,15.26,3.1651,56.6,24.6,1.696334,1.730228
35.1,217.6,14.47,15.04,3.1487,56.7,24.7,1.697209,1.73123
35.1167,216.7,14.58,14.86,3.1595,56.7,24.7,1.698086,1.732106
35.1333,216.4,14.34,15.09,3.1032,56.8,24.8,1.698948,1.732746
35.15,217.8,14.34,15.19,3.1233,56.2,24.2,1.699816,1.733699
35.1667,216.5,13.97,15.5,3.0245,56.6,24.6,1.700656,1.734569
35.1833,218.2,14.33,15.23,3.1268,56.7,24.7,1.701525,1.735467
35.2,214.7,14.45,14.86,3.1024,56.3,24.3,1.702386,1.736359
35.2167,213.3,14.47,14.74,3.0865,56.5,24.5,1.703244,1.737124
35.2333,216.6,14.3,15.15,3.0974,55.6,23.6,1.704104,1.738025
35.25,214.2,14.36,14.92,3.0759,56.0,24.0,1.704959,1.739047
35.2667,218.3,14.76,14.79,3.2221,55.5,23.5,1.705854,1.739949
35.2833,217.7,14.37,15.15,3.1283,56.1,24.1,1.706723,1.740892
35.3,216.4,14.6,14.82,3.1594,55.7,23.7,1.7076,1.741711
35.3167,217.9,14.59,14.93,3.1792,56.2,24.2,1.708483,1.74272
35.3333,215.1,14.49,14.84,3.1168,56.3,24.3,1.709349,1.74362
35.35,216.1,14.7,14.7,3.1767,56.3,24.3,1.710232,1.744412
35.3667,217.5,14.3,15.21,3.1103,55.9,23.9,1.711095,1.745324
35.3833,216.1,14.4,15.01,3.1118,56.2,24.2,1.71196,1.746207
35.4,216.4,14.57,14.85,3.1529,56.1,24.1,1.712836,1.747129
35.4167,217.0,14.44,15.03,3.1335,56.0,24.0,1.713706,1.747975
35.4333,218.2,14.62,14.92,3.1901,56.5,24.5,1.714592,1.749005
35.45,218.5,14.52,15.05,3.1726,56.1,24.1,1.715474,1.749884
35.4667,219.5,14.61,15.02,3.2069,56.5,24.5,1.716364,1.750759
35.4833,216.2,14.55,14.86,3.1457,56.0,24.0,1.717238,1.751668
35.5,219.3,14.31,15.32,3.1382,56.3,24.3,1.71811,1.752533
35.5167,217.4,14.65,14.84,3.1849,56.2,24.2,1.718995,1.75316
35.5333,217.8,14.55,14.97,3.169,55.8,23.8,1.719875,1.754291
35.55,218.6,14.48,15.1,3.1653,55.7,23.7,1.720754,1.755114
35.5667,215.7,14.47,14.91,3.1212,56.2,24.2,1.721621,1.755848
35.5833,217.0,14.16,15.32,3.0727,56.4,24.4,1.722475,1.756841
35.6,217.5,14.56,14.94,3.1668,56.4,24.4,1.723354,1.757829
35.6167,217.0,14.24,15.24,3.0901,56.2,24.2,1.724213,1.758847
35.6333,220.4,14.28,15.43,3.1473,56.2,24.2,1.725087,1.759482
35.65,218.7,14.46,15.12,3.1624,56.2,24.2,1.725965,1.760409
35.6667,218.5,14.6,14.97,3.1901,56.2,24.2,1.726851,1.761559
35.6833,213.4,14.82,14.4,3.1626,56.2,24.2,1.72773,1.76247
35.7,219.2,14.57,15.04,3.1937,56.3,24.3,1.728617,1.763045
35.7167,217.0,14.41,15.06,3.127,56.6,24.6,1.729486,1.764069
35.7333,216.2,14.43,14.98,3.1198,56.2,24.2,1.730352,1.76498
35.75,216.8,14.84,14.61,3.2173,55.8,23.8,1.731246,1.765933
35.7667,217.3,14.54,14.94,3.1595,55.9,23.9,1.732124,1.766813
35.7833,216.2,14.43,14.98,3.1198,56.0,24.0,1.73299,1.767748
35.8,216.9,14.28,15.19,3.0973,56.1,24.1,1.733851,1.768602
35.8167,218.4,14.47,15.09,3.1602,55.9,23.9,1.734728,1.769466
35.8333,217.1,14.54,14.93,3.1566,56.6,24.6,1.735605,1.770371
35.85,218.6,14.54,15.03,3.1784,56.3,24.3,1.736488,1.771193
35.8667,220.3,14.65,15.04,3.2274,56.0,24.0,1.737385,1.772197
35.8833,217.1,14.52,14.95,3.1523,55.6,23.6,1.73826,1.772962
35.9,219.2,14.38,15.24,3.1521,55.8,23.8,1.739136,1.774051
35.9167,216.7,14.36,15.09,3.1118,56.0,24.0,1.74,1.774745
35.9333,219.1,14.27,15.35,3.1266,56.5,24.5,1.740869,1.775807
35.95,218.4,14.65,14.91,3.1996,56.5,24.5,1.741758,1.776516
35.9667,219.2,14.59,15.02,3.1981,56.2,24.2,1.742646,1.777481
35.9833,216.6,14.37,15.07,3.1125,56.0,24.0,1.743511,1.778082
36.0,219.3,14.57,15.05,3.1952,56.3,24.3,1.744398,1.779304
36.0167,216.6,14.39,15.05,3.1169,56.5,24.5,1.745264,1.780032
36.0333,214.7,14.84,14.47,3.1861,56.4,24.4,1.746149,1.781005
36.05,213.8,14.43,14.82,3.0851,56.4,24.4,1.747006,1.781989
36.0667,216.3,14.66,14.75,3.171,56.5,24.5,1.747887,1.782863
36.0833,216.3,14.47,14.95,3.1299,56.5,24.5,1.748756,1.783768
36.1,214.8,14.56,14.75,3.1275,56.1,24.1,1.749625,1.784517
36.1167,214.2,14.38,14.9,3.0802,56.3,24.3,1.75048,1.785479
36.1333,215.5,14.5,14.86,3.1248,56.1,24.1,1.751348,1.786276
36.15,217.9,14.49,15.04,3.1574,56.2,24.2,1.752226,1.787329
36.1667,214.1,14.4,14.87,3.083,56.2,24.2,1.753082,1.788037
36.1833,215.2,14.45,14.89,3.1096,56.0,24.0,1.753946,1.789091
36.2,215.2,14.45,14.89,3.1096,56.1,24.1,1.754809,1.789933
36.2167,217.4,14.5,14.99,3.1523,56.4,24.4,1.755685,1.790965
36.2333,216.5,14.61,14.82,3.1631,56.2,24.2,1.756564,1.791556
36.25,219.8,14.5,15.16,3.1871,56.1,24.1,1.757449,1.792597
36.2667,218.7,14.38,15.21,3.1449,56.0,24.0,1.758323,1.79352
36.2833,215.2,14.45,14.89,3.1096,56.0,24.0,1.759186,1.794269
36.3,216.1,14.4,15.01,3.1118,56.6,24.6,1.760051,1.795317
36.3167,216.1,14.55,14.85,3.1443,56.2,24.2,1.760924,1.796129
36.3333,216.7,14.68,14.76,3.1812,56.6,24.6,1.761808,1.797021
36.35,216.3,14.51,14.91,3.1385,56.0,24.0,1.76268,1.797835
36.3667,214.5,14.33,14.97,3.0738,55.8,23.8,1.763534,1.79871
36.3833,216.0,14.54,14.86,3.1406,56.0,24.0,1.764406,1.799825
36.4,214.7,14.59,14.72,3.1325,56.2,24.2,1.765276,1.800642
36.4167,215.6,14.48,14.89,3.1219,56.1,24.1,1.766143,1.801441
36.4333,217.9,14.54,14.99,3.1683,56.2,24.2,1.767023,1.802315
36.45,217.1,14.26,15.22,3.0958,56.0,24.0,1.767883,1.803224
36.4667,217.8,14.55,14.97,3.169,55.7,23.7,1.768764,1.804223
36.4833,217.2,14.55,14.93,3.1603,56.0,24.0,1.769641,1.805253
36.5,216.9,14.57,14.89,3.1602,55.5,23.5,1.770519,1.805903
36.5167,215.1,14.57,14.76,3.134,56.0,24.0,1.77139,1.806832
36.5333,214.7,14.62,14.69,3.1389,56.0,24.0,1.772262,1.807683
36.55,217.6,14.5,15.01,3.1552,56.3,24.3,1.773138,1.808711
36.5667,217.3,14.89,14.59,3.2356,56.2,24.2,1.774037,1.809505
36.5833,215.6,14.49,14.88,3.124,56.0,24.0,1.774905,1.810338
36.6,217.2,14.31,15.18,3.1081,55.8,23.8,1.775768,1.811304
36.6167,217.8,14.46,15.06,3.1494,56.4,24.4,1.776643,1.812229
36.6333,216.4,14.45,14.98,3.127,56.1,24.1,1.777512,1.81302
36.65,218.7,14.45,15.13,3.1602,56.1,24.1,1.778389,1.81391
36.6667,216.8,14.53,14.92,3.1501,55.8,23.8,1.779264,1.814875
36.6833,216.1,14.44,14.97,3.1205,56.2,24.2,1.780131,1.815666
36.7,215.1,14.71,14.62,3.1641,56.1,24.1,1.78101,1.81667
36.7167,217.4,14.55,14.94,3.1632,56.3,24.3,1.781889,1.817501
36.7333,216.5,14.44,14.99,3.1263,56.6,24.6,1.782757,1.818308
36.75,215.8,14.66,14.72,3.1636,56.1,24.1,1.783636,1.819419
36.7667,215.7,14.32,15.06,3.0888,56.2,24.2,1.784494,1.820304
36.7833,219.6,14.41,15.24,3.1644,55.9,23.9,1.785373,1.821119
36.8,215.9,14.69,14.7,3.1716,56.5,24.5,1.786254,1.821904
36.8167,216.4,14.49,14.93,3.1356,56.7,24.7,1.787125,1.822871
36.8333,218.8,14.63,14.96,3.201,55.8,23.8,1.788014,1.823864
36.85,214.4,14.45,14.84,3.0981,55.9,23.9,1.788875,1.824657
36.8667,215.2,14.16,15.2,3.0472,55.9,23.9,1.789721,1.825558
36.8833,217.0,14.59,14.87,3.166,55.8,23.8,1.790601,1.826471
36.9,218.1,14.3,15.25,3.1188,55.5,23.5,1.791467,1.827388
36.9167,219.3,14.36,15.27,3.1491,55.8,23.8,1.792342,1.828127
36.9333,217.9,14.35,15.18,3.1269,55.6,23.6,1.79321,1.829049
36.95,215.7,14.56,14.81,3.1406,55.7,23.7,1.794083,1.829913
36.9667,215.9,14.3,15.1,3.0874,55.9,23.9,1.79494,1.830683
36.9833,217.1,14.5,14.97,3.1479,56.0,24.0,1.795815,1.83173
37.0,215.6,14.15,15.24,3.0507,56.0,24.0,1.796662,1.832579
37.0167,219.4,14.33,15.31,3.144,56.3,24.3,1.797535,1.833349
37.0333,217.8,14.48,15.04,3.1537,56.4,24.4,1.798411,1.834167
37.05,216.4,14.6,14.82,3.1594,56.0,24.0,1.799289,1.835245
37.0667,219.9,14.75,14.91,3.2435,55.8,23.8,1.80019,1.836101
37.0833,217.6,14.88,14.62,3.2379,55.6,23.6,1.801089,1.837223
37.1,216.5,14.47,14.96,3.1328,56.2,24.2,1.80196,1.837826
37.1167,217.3,14.64,14.84,3.1813,56.0,24.0,1.802843,1.838919
37.1333,215.8,14.25,15.14,3.0752,56.0,24.0,1.803698,1.839823
37.15,214.5,14.49,14.8,3.1081,55.8,23.8,1.804561,1.840572
37.1667,217.7,14.38,15.14,3.1305,56.0,24.0,1.805431,1.841388
37.1833,217.9,14.48,15.05,3.1552,56.0,24.0,1.806307,1.842416
37.2,215.2,14.5,14.84,3.1204,56.5,24.5,1.807174,1.84333
37.2167,214.2,14.37,14.91,3.0781,55.4,23.4,1.808029,1.844127
37.2333,216.1,14.65,14.75,3.1659,55.8,23.8,1.808908,1.844985
37.25,220.4,14.72,14.97,3.2443,55.1,23.1,1.809809,1.845968
37.2667,217.7,14.57,14.94,3.1719,55.7,23.7,1.810691,1.846856
37.2833,219.3,14.6,15.02,3.2018,55.4,23.4,1.81158,1.847742
37.3,215.5,14.57,14.79,3.1398,55.7,23.7,1.812452,1.848833
37.3167,216.2,14.54,14.87,3.1435,56.0,24.0,1.813325,1.849456
37.3333,217.7,14.52,14.99,3.161,56.2,24.2,1.814203,1.850551
37.35,216.7,14.52,14.92,3.1465,55.8,23.8,1.815077,1.851501
37.3667,217.8,14.69,14.83,3.1995,55.9,23.9,1.815966,1.852199
37.3833,216.3,14.3,15.13,3.0931,56.1,24.1,1.816825,1.853178
37.4,216.7,14.69,14.75,3.1833,55.4,23.4,1.81771,1.853995
37.4167,217.4,14.63,14.86,3.1806,55.9,23.9,1.818593,1.85496
37.4333,218.0,14.42,15.12,3.1436,55.7,23.7,1.819466,1.855895
37.45,214.6,14.5,14.8,3.1117,56.3,24.3,1.820331,1.856712
37.4667,217.9,14.63,14.89,3.1879,55.9,23.9,1.821216,1.857594
37.4833,216.2,14.53,14.88,3.1414,55.6,23.6,1.822089,1.858479
37.5,215.5,14.25,15.12,3.0709,55.8,23.8,1.822942,1.859456
37.5167,217.7,14.2,15.33,3.0913,56.3,24.3,1.8238,1.860365
37.5333,215.2,14.7,14.64,3.1634,55.6,23.6,1.824679,1.861032
37.55,220.3,14.7,14.99,3.2384,55.4,23.4,1.825579,1.862074
37.5667,214.2,14.3,14.98,3.0631,55.6,23.6,1.82643,1.863105
37.5833,218.2,14.42,15.13,3.1464,56.0,24.0,1.827304,1.863766
37.6,215.4,14.7,14.65,3.1664,55.7,23.7,1.828183,1.864791
37.6167,216.6,14.45,14.99,3.1299,56.1,24.1,1.829053,1.865749
37.6333,217.0,14.23,15.25,3.0879,56.2,24.2,1.82991,1.866666
37.65,215.8,14.12,15.28,3.0471,55.9,23.9,1.830757,1.86733
37.6667,217.7,14.61,14.9,3.1806,56.0,24.0,1.83164,1.868249
37.6833,218.4,14.47,15.09,3.1602,56.0,24.0,1.832518,1.869202
37.7,215.9,14.52,14.87,3.1349,55.6,23.6,1.833389,1.87007
37.7167,215.5,14.66,14.7,3.1592,55.9,23.9,1.834266,1.870992
37.7333,216.8,14.46,14.99,3.1349,56.0,24.0,1.835137,1.871762
37.75,214.4,14.71,14.58,3.1538,56.0,24.0,1.836013,1.872803
37.7667,213.9,14.71,14.54,3.1465,55.5,23.5,1.836887,1.873733
37.7833,217.0,14.38,15.09,3.1205,56.1,24.1,1.837754,1.874402
37.8,215.5,14.34,15.03,3.0903,55.8,23.8,1.838613,1.87531
37.8167,216.8,14.51,14.94,3.1458,56.0,24.0,1.839486,1.87621
37.8333,218.3,14.58,14.97,3.1828,56.1,24.1,1.840371,1.877222
37.85,217.2,14.44,15.04,3.1364,55.4,23.4,1.841242,1.878097
37.8667,216.0,14.64,14.75,3.1622,56.2,24.2,1.84212,1.879046
37.8833,215.3,14.79,14.56,3.1843,55.8,23.8,1.843005,1.879798
37.9,218.2,14.44,15.11,3.1508,56.1,24.1,1.84388,1.880755
37.9167,215.4,14.45,14.91,3.1125,55.8,23.8,1.844744,1.881667
37.9333,218.4,14.59,14.97,3.1865,55.6,23.6,1.84563,1.882474
37.95,217.4,14.7,14.79,3.1958,55.3,23.3,1.846517,1.883608
37.9667,218.2,14.4,15.15,3.1421,55.7,23.7,1.84739,1.884343
37.9833,214.3,14.75,14.53,3.1609,55.7,23.7,1.848268,1.885161
38.0,216.5,14.46,14.97,3.1306,56.1,24.1,1.849138,1.886163
38.0167,219.3,14.43,15.2,3.1645,56.0,24.0,1.850017,1.886929
38.0333,216.0,14.44,14.96,3.119,55.8,23.8,1.850883,1.887862
38.05,216.2,14.61,14.8,3.1587,55.8,23.8,1.851761,1.888736
38.0667,218.3,14.41,15.15,3.1457,55.3,23.3,1.852634,1.889711
38.0833,219.0,14.62,14.98,3.2018,55.5,23.5,1.853524,1.890716
38.1,217.1,14.48,14.99,3.1436,55.8,23.8,1.854397,1.891353
38.1167,218.0,14.7,14.83,3.2046,55.6,23.6,1.855287,1.892334
38.1333,216.7,14.85,14.59,3.218,55.7,23.7,1.856181,1.893141
38.15,217.8,14.47,15.05,3.1516,55.6,23.6,1.857057,1.894212
38.1667,216.4,14.55,14.87,3.1486,56.1,24.1,1.857931,1.895071
38.1833,217.0,14.49,14.98,3.1443,55.2,23.2,1.858805,1.896038
38.2,218.2,14.62,14.92,3.1901,55.9,23.9,1.859691,1.896876
38.2167,221.1,14.58,15.16,3.2236,55.4,23.4,1.860586,1.897858
38.2333,218.3,14.57,14.98,3.1806,55.3,23.3,1.86147,1.8989
38.25,216.7,14.69,14.75,3.1833,56.3,24.3,1.862354,1.899617
38.2667,217.3,14.82,14.66,3.2204,55.1,23.1,1.863248,1.900511
38.2833,214.9,14.43,14.89,3.101,55.4,23.4,1.86411,1.90142
38.3,218.5,14.39,15.18,3.1442,55.2,23.2,1.864983,1.902258
38.3167,217.6,14.57,14.93,3.1704,55.6,23.6,1.865864,1.903208
38.3333,215.9,14.34,15.06,3.096,55.3,23.3,1.866724,1.904189
38.35,215.5,14.44,14.92,3.1118,55.6,23.6,1.867588,1.905076
38.3667,215.7,14.76,14.61,3.1837,56.3,24.3,1.868473,1.905837
38.3833,218.3,14.67,14.88,3.2025,55.5,23.5,1.869362,1.906681
38.4,217.1,14.25,15.24,3.0937,55.8,23.8,1.870222,1.907606
38.4167,217.7,14.31,15.21,3.1153,56.0,24.0,1.871087,1.908526
38.4333,217.5,14.41,15.09,3.1342,55.4,23.4,1.871958,1.909424
38.45,218.6,14.56,15.01,3.1828,56.3,24.3,1.872842,1.910483
38.4667,216.2,14.63,14.78,3.163,55.9,23.9,1.87372,1.911054
38.4833,216.8,14.5,14.95,3.1436,55.6,23.6,1.874593,1.912136
38.5,220.0,14.44,15.24,3.1768,55.6,23.6,1.875476,1.913176
38.5167,215.5,14.54,14.82,3.1334,55.7,23.7,1.876346,1.914088
38.5333,217.1,14.48,14.99,3.1436,55.9,23.9,1.87722,1.914843
38.55,214.5,14.61,14.68,3.1338,55.5,23.5,1.87809,1.915599
38.5667,215.8,14.96,14.43,3.2284,55.7,23.7,1.878987,1.916836
38.5833,219.0,14.58,15.02,3.193,55.9,23.9,1.879874,1.917313
38.6,216.6,14.43,15.01,3.1255,55.1,23.1,1.880742,1.918149
38.6167,219.9,14.65,15.01,3.2215,55.4,23.4,1.881637,1.919258
38.6333,218.6,14.72,14.85,3.2178,55.3,23.3,1.882531,1.920177
38.65,214.2,14.56,14.71,3.1188,55.5,23.5,1.883397,1.921009
38.6667,215.8,14.15,15.25,3.0536,55.7,23.7,1.884245,1.921972
38.6833,217.8,14.3,15.23,3.1145,55.6,23.6,1.88511,1.922799
38.7,213.7,14.41,14.83,3.0794,55.9,23.9,1.885966,1.923732
38.7167,216.2,14.5,14.91,3.1349,55.3,23.3,1.886837,1.924614
38.7333,217.9,14.43,15.1,3.1443,55.9,23.9,1.88771,1.925414
38.75,216.8,14.39,15.07,3.1198,55.8,23.8,1.888577,1.926176
38.7667,214.8,14.53,14.78,3.121,55.5,23.5,1.889444,1.927463
38.7833,215.5,14.35,15.02,3.0924,55.5,23.5,1.890303,1.928086
38.8,217.5,14.3,15.21,3.1103,55.8,23.8,1.891166,1.929041
38.8167,216.6,14.55,14.89,3.1515,55.4,23.4,1.892042,1.929886
38.8333,215.7,14.58,14.79,3.1449,55.6,23.6,1.892915,1.930775
38.85,218.7,14.84,14.74,3.2455,56.1,24.1,1.893817,1.931764
38.8667,217.9,14.41,15.12,3.1399,56.1,24.1,1.894689,1.932484
38.8833,217.2,14.51,14.97,3.1516,55.8,23.8,1.895565,1.933593
38.9,216.8,14.47,14.98,3.1371,56.6,24.6,1.896436,1.934317
38.9167,217.2,14.29,15.2,3.1038,55.5,23.5,1.897298,1.935227
38.9333,213.6,14.48,14.75,3.0929,55.7,23.7,1.898157,1.936143
38.95,217.3,14.68,14.8,3.19,56.0,24.0,1.899043,1.937189
38.9667,217.7,14.58,14.93,3.1741,55.5,23.5,1.899925,1.937986
38.9833,213.5,14.45,14.78,3.0851,55.6,23.6,1.900782,1.938912
39.0,216.6,14.63,14.81,3.1689,55.4,23.4,1.901662,1.939669
39.0167,215.2,14.49,14.85,3.1182,55.3,23.3,1.902529,1.940571
39.0333,217.9,14.53,15.0,3.1661,55.4,23.4,1.903408,1.941283
39.05,218.5,14.47,15.1,3.1617,55.2,23.2,1.904286,1.942286
39.0667,219.5,14.4,15.24,3.1608,55.9,23.9,1.905164,1.943234
39.0833,215.9,14.62,14.77,3.1565,55.6,23.6,1.906041,1.943978
39.1,215.6,14.35,15.02,3.0939,55.3,23.3,1.906901,1.945094
39.1167,218.5,14.35,15.23,3.1355,55.8,23.8,1.907771,1.945951
39.1333,217.4,14.68,14.81,3.1914,55.4,23.4,1.908658,1.946788
39.15,215.1,14.6,14.73,3.1405,55.9,23.9,1.90953,1.947701
39.1667,217.2,14.59,14.89,3.1689,55.4,23.4,1.910411,1.948778
39.1833,217.5,14.46,15.04,3.1451,55.4,23.4,1.911284,1.949429
39.2,216.2,14.51,14.9,3.1371,55.6,23.6,1.912156,1.950412
39.2167,218.5,14.42,15.15,3.1508,55.8,23.8,1.913031,1.951086
39.2333,216.4,14.36,15.07,3.1075,55.3,23.3,1.913894,1.952099
39.25,217.7,14.6,14.91,3.1784,55.1,23.1,1.914777,1.952942
39.2667,216.5,14.54,14.89,3.1479,55.8,23.8,1.915651,1.953899
39.2833,215.7,14.51,14.87,3.1298,55.5,23.5,1.916521,1.954911
39.3,215.3,14.56,14.79,3.1348,55.9,23.9,1.917392,1.955733
39.3167,217.6,14.57,14.93,3.1704,55.4,23.4,1.918272,1.956725
39.3333,216.4,14.39,15.04,3.114,55.2,23.2,1.919137,1.957365
39.35,216.8,14.83,14.62,3.2151,55.5,23.5,1.92003,1.958618
39.3667,218.8,14.24,15.37,3.1157,55.6,23.6,1.920896,1.9593
39.3833,216.6,14.47,14.97,3.1342,56.0,24.0,1.921766,1.960303
39.4,215.8,14.48,14.9,3.1248,55.6,23.6,1.922634,1.960986
39.4167,216.5,14.38,15.06,3.1133,55.3,23.3,1.923499,1.961904
39.4333,215.4,14.45,14.91,3.1125,56.0,24.0,1.924364,1.962638
39.45,218.0,14.6,14.93,3.1828,55.5,23.5,1.925248,1.963736
39.4667,217.1,14.52,14.95,3.1523,55.8,23.8,1.926124,1.9647
39.4833,215.5,14.44,14.92,3.1118,55.6,23.6,1.926988,1.965585
39.5,216.2,14.62,14.79,3.1608,56.3,24.3,1.927866,1.96625
39.5167,215.8,14.78,14.6,3.1895,55.5,23.5,1.928752,1.967502
39.5333,219.3,14.78,14.84,3.2413,55.8,23.8,1.929652,1.968286
39.55,215.2,14.29,15.06,3.0752,55.5,23.5,1.930506,1.969177
39.5667,218.3,14.61,14.94,3.1894,56.0,24.0,1.931392,1.970162
39.5833,213.9,14.51,14.74,3.1037,55.8,23.8,1.932255,1.970878
39.6,217.3,14.43,15.06,3.1356,55.2,23.2,1.933126,1.971765
39.6167,213.5,14.28,14.95,3.0488,55.3,23.3,1.933972,1.972798
39.6333,218.2,14.52,15.03,3.1683,55.5,23.5,1.934853,1.973589
39.65,215.9,14.22,15.18,3.0701,55.3,23.3,1.935705,1.974282
39.6667,217.6,14.52,14.99,3.1596,55.6,23.6,1.936583,1.975308
39.6833,217.1,14.6,14.87,3.1697,55.6,23.6,1.937463,1.976154
39.7,217.6,14.58,14.92,3.1726,55.2,23.2,1.938345,1.977046
39.7167,215.0,14.66,14.67,3.1519,55.4,23.4,1.93922,1.978106
39.7333,218.5,14.6,14.97,3.1901,55.7,23.7,1.940106,1.978872
39.75,220.1,14.23,15.47,3.132,55.8,23.8,1.940976,1.979707
39.7667,216.0,14.52,14.88,3.1363,55.5,23.5,1.941848,1.980744
39.7833,219.8,14.39,15.27,3.1629,55.4,23.4,1.942726,1.981535
39.8,215.3,14.68,14.67,3.1606,55.6,23.6,1.943604,1.982688
39.8167,217.3,14.51,14.98,3.153,55.3,23.3,1.94448,1.983276
39.8333,220.4,14.47,15.23,3.1892,55.8,23.8,1.945366,1.984327
39.85,218.4,14.6,14.96,3.1886,55.4,23.4,1.946252,1.985175
39.8667,217.7,14.49,15.02,3.1545,55.2,23.2,1.947128,1.98594
39.8833,217.6,14.39,15.12,3.1313,55.2,23.2,1.947998,1.987035
39.9,216.7,14.33,15.12,3.1053,55.1,23.1,1.94886,1.987899
39.9167,214.0,14.27,15.0,3.0538,55.5,23.5,1.949708,1.988735
39.9333,217.3,14.62,14.86,3.1769,55.6,23.6,1.950591,1.989621
39.95,219.1,14.53,15.08,3.1835,55.4,23.4,1.951475,1.990407
39.9667,218.5,14.7,14.86,3.2119,55.7,23.7,1.952367,1.991361
39.9833,219.5,14.57,15.07,3.1981,55.3,23.3,1.953256,1.992388
40.0,215.6,14.3,15.08,3.0831,55.8,23.8,1.954112,1.99326
40.0167,215.4,14.45,14.91,3.1125,55.3,23.3,1.954977,1.994281
40.0333,218.3,14.51,15.04,3.1675,55.7,23.7,1.955857,1.995001
40.05,216.5,14.57,14.86,3.1544,55.8,23.8,1.956733,1.995877
40.0667,217.8,14.45,15.07,3.1472,55.5,23.5,1.957607,1.996799
40.0833,214.3,14.37,14.91,3.0795,54.8,22.8,1.958463,1.997485
40.1,216.1,14.35,15.06,3.101,55.5,23.5,1.959324,1.998559
40.1167,215.2,14.58,14.76,3.1376,56.0,24.0,1.960195,1.999388
40.1333,216.9,14.41,15.05,3.1255,55.5,23.5,1.961064,2.00032
40.15,219.3,14.42,15.21,3.1623,55.0,23.0,1.961942,2.001229
40.1667,216.9,14.62,14.84,3.1711,55.2,23.2,1.962823,2.002087
40.1833,217.1,14.64,14.83,3.1783,55.3,23.3,1.963706,2.002776
40.2,214.1,14.55,14.71,3.1152,55.8,23.8,1.964571,2.003785
40.2167,218.5,14.67,14.89,3.2054,55.5,23.5,1.965462,2.00475
40.2333,216.6,14.79,14.65,3.2035,55.4,23.4,1.966351,2.005632
40.25,217.0,14.39,15.08,3.1226,55.4,23.4,1.967219,2.006294
40.2667,218.9,14.34,15.26,3.139,55.7,23.7,1.968091,2.007686
40.2833,214.0,14.25,15.02,3.0495,55.8,23.8,1.968938,2.008211
40.3,216.0,14.63,14.76,3.1601,55.8,23.8,1.969816,2.00918
40.3167,219.3,14.48,15.15,3.1755,55.7,23.7,1.970698,2.010047
40.3333,219.4,14.08,15.58,3.0892,55.4,23.4,1.971556,2.011014
40.35,216.8,14.36,15.1,3.1132,55.2,23.2,1.972421,2.0118
40.3667,218.1,14.12,15.45,3.0796,55.5,23.5,1.973276,2.012662
40.3833,216.7,14.67,14.77,3.179,55.3,23.3,1.974159,2.013539
40.4,220.2,14.73,14.95,3.2435,55.1,23.1,1.97506,2.014458
40.4167,218.2,14.46,15.09,3.1552,55.4,23.4,1.975937,2.015438
40.4333,217.3,14.62,14.86,3.1769,55.3,23.3,1.976819,2.016337
40.45,218.5,14.45,15.12,3.1573,55.4,23.4,1.977696,2.017247
40.4667,218.4,14.5,15.06,3.1668,55.3,23.3,1.978576,2.018341
40.4833,214.8,14.37,14.95,3.0867,55.5,23.5,1.979433,2.019057
40.5,221.9,14.44,15.37,3.2042,55.6,23.6,1.980323,2.020055
40.5167,217.5,14.59,14.91,3.1733,55.1,23.1,1.981205,2.020844
40.5333,215.0,14.58,14.75,3.1347,54.7,22.7,1.982075,2.021839
40.55,217.7,14.6,14.91,3.1784,55.3,23.3,1.982958,2.022699
40.5667,216.1,14.29,15.12,3.0881,55.2,23.2,1.983816,2.02361
40.5833,216.1,14.46,14.94,3.1248,55.7,23.7,1.984684,2.024473
40.6,217.6,14.48,15.03,3.1508,55.0,23.0,1.985559,2.025213
40.6167,216.6,14.36,15.08,3.1104,55.6,23.6,1.986423,2.026076
40.6333,218.2,14.6,14.95,3.1857,55.1,23.1,1.987308,2.02727
40.65,215.4,14.46,14.9,3.1147,55.1,23.1,1.988173,2.027983
40.6667,217.2,14.47,15.01,3.1429,54.7,22.7,1.989046,2.028736
40.6833,218.2,14.28,15.28,3.1159,55.2,23.2,1.989912,2.029654
40.7,218.8,14.51,15.08,3.1748,55.7,23.7,1.990794,2.030699
40.7167,216.5,14.39,15.05,3.1154,55.4,23.4,1.991659,2.031393
40.7333,217.1,14.49,14.98,3.1458,55.6,23.6,1.992533,2.032193
40.75,217.1,14.45,15.02,3.1371,55.9,23.9,1.993404,2.033336
40.7667,215.9,14.42,14.97,3.1133,55.6,23.6,1.994269,2.034202
40.7833,217.2,14.37,15.11,3.1212,55.8,23.8,1.995136,2.0351
40.8,214.8,14.39,14.93,3.091,55.6,23.6,1.995995,2.035937
40.8167,218.9,14.65,14.94,3.2069,55.2,23.2,1.996886,2.036826
40.8333,214.4,14.37,14.92,3.0809,55.3,23.3,1.997742,2.037778
40.85,217.0,14.52,14.94,3.1508,54.9,22.9,1.998617,2.038603
40.8667,217.0,14.5,14.97,3.1465,55.3,23.3,1.999491,2.03945
40.8833,217.6,14.58,14.92,3.1726,54.8,22.8,2.000372,2.040411
40.9,217.2,14.45,15.03,3.1385,55.6,23.6,2.001244,2.041339
40.9167,216.7,14.78,14.66,3.2028,55.6,23.6,2.002134,2.042071
40.9333,215.0,14.6,14.73,3.139,55.6,23.6,2.003005,2.042958
40.95,217.9,14.31,15.23,3.1181,55.6,23.6,2.003872,2.044118
40.9667,216.2,14.45,14.96,3.1241,55.3,23.3,2.004739,2.044709
40.9833,217.2,14.38,15.1,3.1233,55.0,23.0,2.005607,2.045499
41.0,217.1,14.28,15.2,3.1002,55.0,23.0,2.006468,2.046695
41.0167,218.0,14.62,14.91,3.1872,55.3,23.3,2.007353,2.047511
41.0333,217.5,14.31,15.2,3.1124,55.6,23.6,2.008218,2.048388
41.05,214.5,14.31,14.99,3.0695,55.3,23.3,2.009071,2.049232
41.0667,214.9,14.82,14.5,3.1848,54.9,22.9,2.009955,2.050187
41.0833,221.2,14.43,15.33,3.1919,55.0,23.0,2.010842,2.051212
41.1,217.0,14.36,15.11,3.1161,55.3,23.3,2.011708,2.051846
41.1167,217.8,14.7,14.82,3.2017,55.1,23.1,2.012597,2.052977
41.1333,219.0,14.37,15.24,3.147,55.4,23.4,2.013471,2.053662
41.15,215.7,14.51,14.87,3.1298,54.8,22.8,2.01434,2.054765
41.1667,215.8,14.41,14.98,3.1097,54.9,22.9,2.015204,2.055534
41.1833,215.4,14.19,15.18,3.0565,55.4,23.4,2.016053,2.056254
41.2,218.0,14.59,14.94,3.1806,55.6,23.6,2.016937,2.05725
41.2167,216.0,14.39,15.01,3.1082,55.9,23.9,2.0178,2.058211
41.2333,217.6,14.54,14.97,3.1639,55.9,23.9,2.018679,2.059197
41.25,217.4,14.25,15.26,3.098,55.9,23.9,2.01954,2.059909
41.2667,215.9,14.49,14.9,3.1284,55.5,23.5,2.020409,2.06078
41.2833,215.4,14.7,14.65,3.1664,55.2,23.2,2.021288,2.061731
41.3,216.5,14.44,14.99,3.1263,55.4,23.4,2.022157,2.062568
41.3167,215.0,14.52,14.81,3.1218,55.7,23.7,2.023024,2.063293
41.3333,219.1,14.4,15.22,3.155,54.7,22.7,2.0239,2.064587
41.35,216.6,14.41,15.03,3.1212,55.3,23.3,2.024767,2.06537
41.3667,218.0,14.48,15.06,3.1566,55.6,23.6,2.025644,2.066313
41.3833,216.1,14.54,14.86,3.1421,55.0,23.0,2.026517,2.066978
41.4,216.1,14.45,14.96,3.1226,55.6,23.6,2.027384,2.067735
41.4167,218.2,14.4,15.15,3.1421,55.2,23.2,2.028257,2.068811
41.4333,219.2,14.6,15.01,3.2003,55.7,23.7,2.029146,2.069653
41.45,217.1,14.22,15.27,3.0872,55.0,23.0,2.030004,2.070555
41.4667,218.7,14.38,15.21,3.1449,55.2,23.2,2.030877,2.071475
41.4833,217.6,14.64,14.86,3.1857,55.2,23.2,2.031762,2.072424
41.5,218.2,14.73,14.81,3.2141,55.3,23.3,2.032655,2.073356
41.5167,219.0,14.52,15.08,3.1799,55.2,23.2,2.033538,2.074271
41.5333,215.8,14.82,14.56,3.1982,55.3,23.3,2.034427,2.075271
41.55,218.3,14.78,14.77,3.2265,55.4,23.4,2.035323,2.076021
41.5667,215.7,14.24,15.15,3.0716,55.6,23.6,2.036176,2.076851
41.5833,217.3,14.46,15.03,3.1422,55.3,23.3,2.037049,2.077744
41.6,217.6,14.17,15.36,3.0834,55.3,23.3,2.037905,2.078688
41.6167,218.0,14.44,15.1,3.1479,55.0,23.0,2.03878,2.079702
41.6333,218.4,14.62,14.94,3.193,55.2,23.2,2.039667,2.080234
41.65,214.4,14.34,14.95,3.0745,55.3,23.3,2.040521,2.08137
41.6667,216.0,14.81,14.58,3.199,55.1,23.1,2.041409,2.082075
41.6833,217.9,14.91,14.61,3.2489,55.7,23.7,2.042312,2.083116
41.7,216.6,14.45,14.99,3.1299,54.6,22.6,2.043181,2.083968
41.7167,217.4,14.49,15.0,3.1501,55.6,23.6,2.044056,2.084964
41.7333,215.7,14.41,14.97,3.1082,55.1,23.1,2.04492,2.086002
41.75,216.9,14.53,14.93,3.1516,55.8,23.8,2.045795,2.08677
41.7667,215.3,14.57,14.78,3.1369,55.6,23.6,2.046666,2.087483
41.7833,215.1,14.49,14.84,3.1168,55.8,23.8,2.047532,2.088538
41.8,215.5,14.45,14.91,3.114,55.1,23.1,2.048397,2.089389
41.8167,218.2,14.2,15.37,3.0984,55.6,23.6,2.049258,2.090233
41.8333,218.5,14.56,15.01,3.1814,55.5,23.5,2.050142,2.09117
41.85,216.4,14.41,15.02,3.1183,55.3,23.3,2.051008,2.091819
41.8667,215.1,14.55,14.78,3.1297,55.3,23.3,2.051877,2.092914
41.8833,214.3,14.45,14.83,3.0966,55.4,23.4,2.052737,2.093816
41.9,217.4,14.52,14.97,3.1566,55.0,23.0,2.053614,2.094805
41.9167,218.2,14.5,15.05,3.1639,55.0,23.0,2.054493,2.095512
41.9333,217.4,14.54,14.95,3.161,55.3,23.3,2.055371,2.096604
41.95,217.1,14.26,15.22,3.0958,54.8,22.8,2.056231,2.097529
41.9667,219.3,14.54,15.08,3.1886,55.7,23.7,2.057117,2.098196
41.9833,219.1,14.44,15.17,3.1638,55.0,23.0,2.057996,2.099142
42.0,215.3,14.44,14.91,3.1089,55.9,23.9,2.058859,2.100108
42.0167,215.0,14.44,14.89,3.1046,55.2,23.2,2.059722,2.100982
42.0333,220.1,14.77,14.9,3.2509,55.3,23.3,2.060625,2.102
42.05,218.4,14.54,15.02,3.1755,55.3,23.3,2.061507,2.102686
42.0667,216.7,14.73,14.71,3.192,55.1,23.1,2.062393,2.103552
42.0833,218.2,14.63,14.91,3.1923,55.5,23.5,2.06328,2.104563
42.1,218.9,14.29,15.32,3.1281,55.5,23.5,2.064149,2.105473
42.1167,215.9,14.36,15.03,3.1003,55.4,23.4,2.06501,2.106236
42.1333,217.3,14.6,14.88,3.1726,55.4,23.4,2.065891,2.107307
42.15,217.4,14.62,14.87,3.1784,55.0,23.0,2.066774,2.108086
42.1667,217.3,14.7,14.78,3.1943,55.8,23.8,2.067662,2.108874
42.1833,215.5,14.73,14.63,3.1743,54.8,22.8,2.068543,2.109823
42.2,219.4,14.35,15.29,3.1484,54.9,22.9,2.069418,2.110849
42.2167,214.6,14.47,14.83,3.1053,55.4,23.4,2.070281,2.111703
42.2333,218.6,14.32,15.27,3.1304,55.0,23.0,2.07115,2.112395
42.25,216.4,14.65,14.77,3.1703,54.9,22.9,2.072031,2.113414
42.2667,216.9,14.41,15.05,3.1255,54.9,22.9,2.072899,2.114469
42.2833,216.6,14.57,14.87,3.1559,55.8,23.8,2.073776,2.115268
42.3,216.8,14.56,14.89,3.1566,55.2,23.2,2.074652,2.116271
42.3167,218.3,14.42,15.14,3.1479,55.0,23.0,2.075527,2.116974
42.3333,214.8,14.36,14.96,3.0845,55.4,23.4,2.076384,2.117784
42.35,218.4,14.64,14.92,3.1974,55.1,23.1,2.077272,2.118888
42.3667,218.5,14.57,15.0,3.1835,54.9,22.9,2.078156,2.119761
42.3833,216.6,14.67,14.76,3.1775,55.3,23.3,2.079039,2.120561
42.4,218.3,14.83,14.72,3.2374,55.2,23.2,2.079938,2.121672
42.4167,217.5,14.48,15.02,3.1494,55.4,23.4,2.080813,2.122583
42.4333,220.0,14.45,15.22,3.179,55.5,23.5,2.081696,2.123431
42.45,218.7,14.63,14.95,3.1996,55.4,23.4,2.082585,2.124251
42.4667,217.5,14.72,14.78,3.2016,55.5,23.5,2.083474,2.125042
42.4833,217.6,14.73,14.77,3.2052,55.7,23.7,2.084364,2.126111
42.5,218.2,14.49,15.06,3.1617,55.0,23.0,2.085243,2.12677
42.5167,218.9,14.36,15.24,3.1434,55.0,23.0,2.086116,2.127783
42.5333,217.8,14.64,14.88,3.1886,55.0,23.0,2.087001,2.128736
42.55,218.3,14.43,15.13,3.1501,55.3,23.3,2.087877,2.129541
42.5667,214.6,14.31,15.0,3.0709,55.4,23.4,2.08873,2.130574
42.5833,215.7,14.53,14.85,3.1341,54.8,22.8,2.0896,2.131471
42.6,217.7,14.1,15.44,3.0696,55.1,23.1,2.090453,2.132221
42.6167,218.0,14.83,14.7,3.2329,55.3,23.3,2.091351,2.133166
42.6333,215.3,14.29,15.07,3.0766,54.7,22.7,2.092205,2.134038
42.65,216.9,14.3,15.17,3.1017,55.1,23.1,2.093067,2.134986
42.6667,216.7,14.52,14.92,3.1465,55.2,23.2,2.093941,2.135723
42.6833,217.0,14.56,14.9,3.1595,55.8,23.8,2.094819,2.136824
42.7,218.8,14.53,15.06,3.1792,54.9,22.9,2.095702,2.137559
42.7167,218.2,14.29,15.27,3.1181,55.4,23.4,2.096568,2.138399
42.7333,217.5,14.66,14.84,3.1886,54.9,22.9,2.097454,2.139386
42.75,219.8,14.47,15.19,3.1805,55.1,23.1,2.098337,2.140376
42.7667,219.6,14.51,15.13,3.1864,55.0,23.0,2.099222,2.141291
42.7833,216.3,14.5,14.92,3.1364,55.2,23.2,2.100093,2.142258
42.8,216.0,14.6,14.79,3.1536,55.0,23.0,2.100969,2.143084
42.8167,215.9,14.69,14.7,3.1716,54.9,22.9,2.10185,2.14382
42.8333,218.0,14.33,15.21,3.1239,55.3,23.3,2.102718,2.144727
42.85,216.4,14.25,15.19,3.0837,54.8,22.8,2.103575,2.145719
42.8667,217.9,14.58,14.95,3.177,55.1,23.1,2.104457,2.146631
42.8833,217.8,14.64,14.88,3.1886,55.6,23.6,2.105343,2.147436
42.9,215.1,14.33,15.01,3.0824,55.7,23.7,2.106199,2.148203
42.9167,217.1,14.58,14.89,3.1653,55.1,23.1,2.107078,2.149347
42.9333,215.9,14.72,14.67,3.178,55.2,23.2,2.107961,2.150139
42.95,218.0,14.29,15.26,3.1152,55.3,23.3,2.108827,2.151
42.9667,214.5,14.73,14.56,3.1596,55.4,23.4,2.109704,2.151845
42.9833,218.1,14.34,15.21,3.1276,55.1,23.1,2.110573,2.152736
43.0,215.1,14.76,14.57,3.1749,54.8,22.8,2.111455,2.153609
43.0167,217.0,14.55,14.91,3.1574,55.1,23.1,2.112332,2.154485
43.0333,217.5,14.35,15.16,3.1211,54.6,22.6,2.113199,2.155522
43.05,218.7,14.46,15.12,3.1624,55.3,23.3,2.114077,2.156407
43.0667,213.7,14.53,14.71,3.1051,55.3,23.3,2.11494,2.157223
43.0833,215.8,14.66,14.72,3.1636,54.9,22.9,2.115819,2.158241
43.1,218.1,14.38,15.17,3.1363,54.8,22.8,2.11669,2.159016
43.1167,216.8,14.56,14.89,3.1566,55.1,23.1,2.117567,2.160005
43.1333,215.7,14.21,15.18,3.0651,54.7,22.7,2.118418,2.160694
43.15,217.6,14.38,15.13,3.1291,55.1,23.1,2.119287,2.16173
43.1667,219.2,14.67,14.94,3.2157,55.1,23.1,2.120181,2.162285
43.1833,218.8,14.54,15.05,3.1814,54.8,22.8,2.121064,2.163423
43.2,217.7,14.6,14.91,3.1784,55.3,23.3,2.121947,2.16444
43.2167,218.2,14.21,15.36,3.1006,55.0,23.0,2.122809,2.165482
43.2333,216.8,14.75,14.7,3.1978,55.5,23.5,2.123697,2.166103
43.25,217.8,14.56,14.96,3.1712,55.4,23.4,2.124578,2.166927
43.2667,217.6,14.82,14.68,3.2248,55.5,23.5,2.125473,2.167952
43.2833,216.8,14.51,14.94,3.1458,55.2,23.2,2.126347,2.168854
43.3,220.4,14.6,15.1,3.2178,54.7,22.7,2.127241,2.169716
43.3167,216.6,14.22,15.23,3.0801,55.1,23.1,2.128097,2.170705
43.3333,214.2,14.42,14.85,3.0888,54.8,22.8,2.128955,2.17157
43.35,220.0,14.48,15.19,3.1856,55.6,23.6,2.12984,2.172429
43.3667,217.9,14.6,14.92,3.1813,55.6,23.6,2.130723,2.173422
43.3833,215.7,14.48,14.9,3.1233,54.9,22.9,2.131591,2.174219
43.4,215.7,14.38,15.0,3.1018,55.2,23.2,2.132452,2.174947
43.4167,220.1,14.36,15.33,3.1606,54.5,22.5,2.13333,2.176091
43.4333,215.7,14.54,14.83,3.1363,55.4,23.4,2.134202,2.176762
43.45,216.7,14.53,14.91,3.1487,55.1,23.1,2.135076,2.177768
43.4667,218.1,14.6,14.94,3.1843,55.6,23.6,2.135961,2.178628
43.4833,217.9,14.49,15.04,3.1574,55.3,23.3,2.136838,2.179425
43.5,218.0,14.48,15.06,3.1566,55.7,23.7,2.137715,2.180296
43.5167,215.0,14.66,14.67,3.1519,55.2,23.2,2.13859,2.181363
43.5333,216.6,14.4,15.04,3.119,55.3,23.3,2.139457,2.182339
43.55,218.5,14.49,15.08,3.1661,54.8,22.8,2.140336,2.183071
43.5667,217.2,14.28,15.21,3.1016,55.2,23.2,2.141198,2.184098
43.5833,218.2,14.51,15.04,3.1661,54.6,22.6,2.142077,2.184935
43.6,217.9,14.39,15.14,3.1356,55.0,23.0,2.142948,2.185812
43.6167,219.0,14.74,14.86,3.2281,55.1,23.1,2.143845,2.186639
43.6333,216.7,14.63,14.81,3.1703,55.0,23.0,2.144725,2.187578
43.65,217.3,14.37,15.12,3.1226,55.5,23.5,2.145593,2.188606
43.6667,214.5,14.43,14.86,3.0952,54.6,22.6,2.146453,2.1894
43.6833,217.1,14.35,15.13,3.1154,55.1,23.1,2.147318,2.190347
43.7,216.9,14.19,15.29,3.0778,55.1,23.1,2.148173,2.191102
43.7167,215.8,14.52,14.86,3.1334,55.0,23.0,2.149043,2.192115
43.7333,217.5,14.36,15.15,3.1233,55.3,23.3,2.149911,2.192868
43.75,215.6,14.48,14.89,3.1219,55.2,23.2,2.150778,2.193716
43.7667,218.0,14.34,15.2,3.1261,55.2,23.2,2.151646,2.194738
43.7833,214.4,14.24,15.06,3.0531,54.9,22.9,2.152495,2.195486
43.8,216.8,14.48,14.97,3.1393,55.0,23.0,2.153367,2.196257
43.8167,218.3,14.7,14.85,3.209,55.5,23.5,2.154258,2.197254
43.8333,216.3,14.29,15.14,3.0909,54.8,22.8,2.155117,2.198208
43.85,217.8,14.53,14.99,3.1646,54.5,22.5,2.155996,2.199071
43.8667,219.7,14.53,15.12,3.1922,55.3,23.3,2.156882,2.199972
43.8833,219.4,14.55,15.08,3.1923,55.2,23.2,2.157769,2.200914
43.9,217.4,14.85,14.64,3.2284,55.3,23.3,2.158666,2.2019
43.9167,217.1,14.41,15.07,3.1284,55.0,23.0,2.159535,2.202794
43.9333,215.9,14.52,14.87,3.1349,55.1,23.1,2.160406,2.203665
43.95,214.9,14.55,14.77,3.1268,55.4,23.4,2.161274,2.20462
43.9667,217.6,14.49,15.02,3.153,55.5,23.5,2.16215,2.205465
43.9833,215.5,14.51,14.85,3.1269,55.7,23.7,2.163019,2.206296
44.0,216.5,14.43,15.0,3.1241,55.0,23.0,2.163886,2.206987
44.0167,218.9,14.57,15.02,3.1894,55.0,23.0,2.164772,2.20815
44.0333,217.0,14.47,15.0,3.14,55.1,23.1,2.165645,2.209024
44.05,219.2,14.48,15.14,3.174,54.8,22.8,2.166526,2.209872
44.0667,219.2,14.83,14.78,3.2507,54.8,22.8,2.167429,2.210735
44.0833,216.0,14.65,14.74,3.1644,55.1,23.1,2.168308,2.211693
44.1,217.0,14.35,15.12,3.1139,54.8,22.8,2.169173,2.212647
44.1167,217.7,14.58,14.93,3.1741,55.4,23.4,2.170055,2.21344
44.1333,218.4,14.52,15.04,3.1712,54.7,22.7,2.170936,2.214299
44.15,219.4,14.36,15.28,3.1506,55.2,23.2,2.171811,2.21524
44.1667,219.6,14.65,14.99,3.2171,54.9,22.9,2.172705,2.216164
44.1833,218.6,14.63,14.94,3.1981,54.6,22.6,2.173593,2.217091
44.2,216.6,14.4,15.04,3.119,55.1,23.1,2.174459,2.217873
44.2167,218.3,14.45,15.11,3.1544,55.2,23.2,2.175336,2.218914
44.2333,216.4,14.36,15.07,3.1075,55.5,23.5,2.176199,2.219728
44.25,214.3,14.51,14.77,3.1095,54.8,22.8,2.177063,2.220579
44.2667,215.9,14.42,14.97,3.1133,55.0,23.0,2.177927,2.22137
44.2833,213.3,14.8,14.41,3.1568,55.2,23.2,2.178804,2.222403
44.3,215.6,14.45,14.92,3.1154,55.1,23.1,2.17967,2.223204
44.3167,216.1,14.5,14.9,3.1334,54.3,22.3,2.18054,2.224253
44.3333,217.4,14.65,14.84,3.1849,55.3,23.3,2.181425,2.225212
44.35,217.2,14.25,15.24,3.0951,54.8,22.8,2.182284,2.225901
44.3667,218.5,14.45,15.12,3.1573,54.9,22.9,2.183161,2.227042
44.3833,215.4,14.42,14.94,3.1061,54.9,22.9,2.184024,2.227641
44.4,216.3,14.45,14.97,3.1255,54.9,22.9,2.184892,2.22858
44.4167,215.4,14.32,15.04,3.0845,54.8,22.8,2.185749,2.229455
44.4333,217.8,14.16,15.38,3.084,55.5,23.5,2.186606,2.230267
44.45,216.4,14.55,14.87,3.1486,54.5,22.5,2.187481,2.231201
44.4667,217.1,14.66,14.81,3.1827,55.1,23.1,2.188365,2.232162
44.4833,216.8,14.63,14.82,3.1718,55.2,23.2,2.189246,2.233173
44.5,216.7,14.37,15.08,3.114,55.4,23.4,2.190111,2.233955
44.5167,218.2,14.58,14.97,3.1814,54.9,22.9,2.190994,2.234788
44.5333,214.5,14.26,15.04,3.0588,55.0,23.0,2.191844,2.235864
44.55,215.5,14.63,14.73,3.1528,54.9,22.9,2.19272,2.236706
44.5667,217.7,14.41,15.11,3.1371,54.6,22.6,2.193591,2.237426
44.5833,217.4,14.58,14.91,3.1697,55.0,23.0,2.194472,2.238281
44.6,217.7,14.49,15.02,3.1545,55.2,23.2,2.195348,2.239128
44.6167,215.7,14.51,14.87,3.1298,55.1,23.1,2.196217,2.240009
44.6333,219.7,14.45,15.2,3.1747,55.4,23.4,2.197099,2.240934
44.65,217.2,14.41,15.07,3.1299,55.2,23.2,2.197969,2.241634
44.6667,218.5,14.73,14.83,3.2185,55.2,23.2,2.198863,2.242888
44.6833,216.1,14.59,14.81,3.1529,55.1,23.1,2.199738,2.243713
44.7,216.9,14.34,15.13,3.1103,54.9,22.9,2.200602,2.244538
44.7167,217.0,14.43,15.04,3.1313,54.8,22.8,2.201472,2.245466
44.7333,218.1,14.37,15.18,3.1341,54.9,22.9,2.202343,2.246502
44.75,216.4,14.19,15.25,3.0707,55.5,23.5,2.203196,2.247051
44.7667,216.0,14.77,14.62,3.1903,54.9,22.9,2.204082,2.247978
44.7833,216.4,14.34,15.09,3.1032,55.2,23.2,2.204944,2.248895
44.8,216.4,14.35,15.08,3.1053,55.0,23.0,2.205807,2.249941
44.8167,218.3,14.39,15.17,3.1413,54.8,22.8,2.206679,2.250671
44.8333,218.9,14.54,15.06,3.1828,55.8,23.8,2.207563,2.251711
44.85,217.6,14.43,15.08,3.14,55.1,23.1,2.208436,2.25259
44.8667,217.7,14.33,15.19,3.1196,55.3,23.3,2.209302,2.253491
44.8833,217.8,14.62,14.9,3.1842,55.0,23.0,2.210187,2.254616
44.9,216.8,14.47,14.98,3.1371,55.0,23.0,2.211058,2.255392
44.9167,217.6,14.72,14.78,3.2031,55.0,23.0,2.211948,2.256327
44.9333,216.5,14.77,14.66,3.1977,55.5,23.5,2.212836,2.256919
44.95,217.0,14.71,14.75,3.1921,54.7,22.7,2.213723,2.258004
44.9667,215.2,14.68,14.66,3.1591,55.1,23.1,2.2146,2.258866
44.9833,217.6,14.81,14.69,3.2227,55.3,23.3,2.215495,2.259939
45.0,216.4,14.55,14.87,3.1486,54.5,22.5,2.21637,2.260791
45.0167,217.7,14.69,14.82,3.198,55.2,23.2,2.217258,2.261621
45.0333,215.8,14.07,15.34,3.0363,55.2,23.2,2.218102,2.262593
45.05,217.3,14.76,14.72,3.2073,55.1,23.1,2.218993,2.263301
45.0667,213.9,14.39,14.86,3.078,54.4,22.4,2.219848,2.26412
45.0833,216.6,14.11,15.35,3.0562,54.5,22.5,2.220697,2.26522
45.1,216.5,14.43,15.0,3.1241,55.1,23.1,2.221564,2.265891
45.1167,216.4,14.44,14.99,3.1248,54.7,22.7,2.222432,2.266909
45.1333,218.7,14.5,15.08,3.1711,55.1,23.1,2.223313,2.267926
45.15,216.9,14.44,15.02,3.132,54.9,22.9,2.224183,2.268759
45.1667,218.6,14.32,15.27,3.1304,54.7,22.7,2.225053,2.269432
45.1833,217.2,14.35,15.14,3.1168,55.3,23.3,2.225919,2.270524
45.2,218.9,14.49,15.11,3.1719,55.3,23.3,2.2268,2.271299
45.2167,216.0,14.43,14.97,3.1169,54.7,22.7,2.227666,2.272248
45.2333,215.9,14.38,15.01,3.1046,55.0,23.0,2.228528,2.272976
45.25,216.5,14.47,14.96,3.1328,54.8,22.8,2.229398,2.273933
45.2667,217.8,14.61,14.91,3.1821,54.8,22.8,2.230282,2.274937
45.2833,218.0,14.33,15.21,3.1239,55.0,23.0,2.23115,2.275965
45.3,218.2,14.42,15.13,3.1464,54.7,22.7,2.232024,2.27659
45.3167,217.2,14.17,15.33,3.0777,54.5,22.5,2.232879,2.277653
45.3333,217.7,14.15,15.39,3.0805,54.7,22.7,2.233734,2.278385
45.35,215.8,14.42,14.97,3.1118,54.5,22.5,2.234599,2.279275
45.3667,215.7,14.3,15.08,3.0845,54.9,22.9,2.235456,2.279999
45.3833,219.3,14.39,15.24,3.1557,54.1,22.1,2.236332,2.281054
45.4,216.4,14.34,15.09,3.1032,54.7,22.7,2.237194,2.281862
45.4167,217.1,14.28,15.2,3.1002,55.0,23.0,2.238055,2.282914
45.4333,217.8,14.34,15.19,3.1233,54.4,22.4,2.238923,2.283651
45.45,218.4,14.16,15.42,3.0925,55.0,23.0,2.239782,2.28461
45.4667,214.8,14.09,15.24,3.0265,54.9,22.9,2.240623,2.28544
45.4833,218.9,14.18,15.44,3.104,55.1,23.1,2.241485,2.286445
45.5,218.6,14.22,15.37,3.1085,54.6,22.6,2.242348,2.287215
45.5167,215.5,14.34,15.03,3.0903,54.2,22.2,2.243207,2.288022
45.5333,218.7,14.04,15.58,3.0705,54.5,22.5,2.24406,2.289038
45.55,219.0,14.14,15.49,3.0967,54.2,22.2,2.24492,2.290071
45.5667,215.3,14.44,14.91,3.1089,54.8,22.8,2.245783,2.29063
45.5833,218.3,14.02,15.57,3.0606,54.7,22.7,2.246634,2.291537
45.6,217.4,14.42,15.08,3.1349,55.0,23.0,2.247504,2.292357
45.6167,216.3,14.58,14.84,3.1537,54.7,22.7,2.24838,2.293602
45.6333,216.3,14.23,15.2,3.0779,54.0,22.0,2.249235,2.29444
45.65,216.8,14.34,15.12,3.1089,54.4,22.4,2.250099,2.294922
45.6667,217.3,14.12,15.39,3.0683,54.5,22.5,2.250951,2.295971
45.6833,216.2,14.3,15.12,3.0917,54.5,22.5,2.25181,2.296882
45.7,217.7,14.21,15.32,3.0935,54.4,22.4,2.252669,2.297875
45.7167,215.9,14.27,15.13,3.0809,54.1,22.1,2.253525,2.298609
45.7333,217.5,13.96,15.58,3.0363,54.1,22.1,2.254369,2.299246
45.75,214.6,14.03,15.3,3.0108,54.2,22.2,2.255205,2.300146
45.7667,217.5,14.23,15.28,3.095,54.3,22.3,2.256065,2.301133
45.7833,213.9,14.21,15.05,3.0395,54.5,22.5,2.256909,2.301901
45.8,217.8,14.02,15.53,3.0536,54.6,22.6,2.257757,2.302963
45.8167,215.1,14.13,15.22,3.0394,54.3,22.3,2.258602,2.303908
45.8333,215.6,14.15,15.24,3.0507,53.9,21.9,2.259449,2.304795
45.85,215.5,13.94,15.46,3.0041,54.6,22.6,2.260283,2.305415
45.8667,217.8,14.19,15.35,3.0906,54.3,22.3,2.261142,2.306468
45.8833,218.9,14.0,15.64,3.0646,53.9,21.9,2.261993,2.30727
45.9,218.9,13.9,15.75,3.0427,54.9,22.9,2.262838,2.30815
45.9167,217.5,14.02,15.51,3.0494,53.9,21.9,2.263685,2.308786
45.9333,217.2,14.03,15.48,3.0473,54.1,22.1,2.264532,2.30978
45.95,215.0,14.26,15.08,3.0659,54.4,22.4,2.265384,2.310698
45.9667,216.4,13.95,15.51,3.0188,53.7,21.7,2.266222,2.311579
45.9833,216.7,14.22,15.24,3.0815,54.1,22.1,2.267078,2.312335
46.0,219.2,14.05,15.6,3.0798,53.6,21.6,2.267934,2.313183
46.0167,217.5,13.92,15.62,3.0276,53.8,21.8,2.268775,2.314165
46.0333,216.8,13.91,15.59,3.0157,54.2,22.2,2.269612,2.31473
46.05,216.8,13.9,15.6,3.0135,53.9,21.9,2.270449,2.315807
46.0667,220.1,13.85,15.89,3.0484,53.8,21.8,2.271296,2.316686
46.0833,214.9,14.12,15.22,3.0344,53.9,21.9,2.272139,2.317591
46.1,217.8,14.01,15.55,3.0514,53.7,21.7,2.272987,2.318453
46.1167,215.6,14.19,15.19,3.0594,53.9,21.9,2.273836,2.319404
46.1333,219.8,13.93,15.78,3.0618,53.7,21.7,2.274687,2.320164
46.15,217.3,13.98,15.54,3.0379,53.7,21.7,2.275531,2.321168
46.1667,216.3,13.88,15.58,3.0022,54.4,22.4,2.276365,2.321929
46.1833,217.7,13.99,15.56,3.0456,54.3,22.3,2.277211,2.322845
46.2,215.9,13.87,15.57,2.9945,53.7,21.7,2.278043,2.323867
46.2167,216.1,13.93,15.51,3.0103,54.1,22.1,2.278879,2.324288
46.2333,215.3,13.94,15.44,3.0013,53.7,21.7,2.279712,2.325317
46.25,217.7,13.9,15.66,3.026,54.2,22.2,2.280553,2.326143
46.2667,216.1,14.06,15.37,3.0384,53.9,21.9,2.281397,2.32702
46.2833,216.0,14.17,15.24,3.0607,53.7,21.7,2.282247,2.327902
46.3,216.8,14.04,15.44,3.0439,53.4,21.4,2.283093,2.328585
46.3167,215.8,14.01,15.4,3.0234,53.9,21.9,2.283933,2.329655
46.3333,218.4,13.91,15.7,3.0379,53.1,21.1,2.284776,2.330455
46.35,219.8,13.92,15.79,3.0596,53.5,21.5,2.285626,2.331419
46.3667,215.5,13.92,15.48,2.9998,53.7,21.7,2.28646,2.332015
46.3833,219.3,13.86,15.82,3.0395,53.1,21.1,2.287304,2.332916
46.4,216.0,13.84,15.61,2.9894,53.6,21.6,2.288134,2.333908
46.4167,217.5,13.82,15.74,3.0058,53.6,21.6,2.288969,2.334883
46.4333,216.9,14.01,15.48,3.0388,53.6,21.6,2.289813,2.335628
46.45,217.6,13.84,15.72,3.0116,53.5,21.5,2.29065,2.336616
46.4667,215.4,13.95,15.44,3.0048,53.4,21.4,2.291485,2.337247
46.4833,219.4,13.59,16.14,2.9816,53.8,21.8,2.292313,2.338166
46.5,218.5,13.75,15.89,3.0044,53.1,21.1,2.293147,2.339049
46.5167,219.4,13.9,15.78,3.0497,53.4,21.4,2.293994,2.339806
46.5333,217.7,14.12,15.42,3.0739,53.9,21.9,2.294848,2.340717
46.55,216.6,13.7,15.81,2.9674,53.7,21.7,2.295673,2.341865
46.5667,218.1,13.73,15.88,2.9945,53.3,21.3,2.296504,2.342572
46.5833,217.5,14.02,15.51,3.0494,53.6,21.6,2.297351,2.343379
46.6,219.2,13.35,16.42,2.9263,54.3,22.3,2.298164,2.344167
46.6167,216.5,13.63,15.88,2.9509,53.5,21.5,2.298984,2.345188
46.6333,218.7,13.93,15.7,3.0465,53.5,21.5,2.29983,2.34579
46.65,221.7,13.87,15.98,3.075,53.2,21.2,2.300684,2.346671
46.6667,219.3,13.92,15.75,3.0527,53.4,21.4,2.301532,2.347462
46.6833,218.5,13.56,16.11,2.9629,53.0,21.0,2.302355,2.348469
46.7,218.4,13.7,15.94,2.9921,53.8,21.8,2.303187,2.349378
46.7167,216.5,14.0,15.46,3.031,53.2,21.2,2.304029,2.350222
46.7333,219.0,13.51,16.21,2.9587,53.0,21.0,2.30485,2.350951
46.75,215.7,13.81,15.62,2.9788,53.5,21.5,2.305678,2.351763
46.7667,219.0,13.69,16.0,2.9981,53.1,21.1,2.306511,2.352737
46.7833,220.0,13.88,15.85,3.0536,53.0,21.0,2.307359,2.353603
46.8,216.9,13.87,15.64,3.0084,53.0,21.0,2.308195,2.354253
46.8167,218.8,13.84,15.81,3.0282,53.7,21.7,2.309036,2.355215
46.8333,213.6,13.66,15.64,2.9178,53.1,21.1,2.309846,2.356111
46.85,216.5,13.54,15.99,2.9314,53.5,21.5,2.31066,2.356926
46.8667,214.1,13.67,15.66,2.9267,53.0,21.0,2.311473,2.357598
46.8833,215.0,13.87,15.5,2.982,53.3,21.3,2.312302,2.358629
46.9,216.5,13.74,15.76,2.9747,53.8,21.8,2.313128,2.359304
46.9167,218.3,13.61,16.04,2.9711,53.3,21.3,2.313953,2.360191
46.9333,217.4,13.55,16.04,2.9458,52.4,20.4,2.314772,2.360884
46.95,213.3,13.77,15.49,2.9371,53.0,21.0,2.315588,2.361899
46.9667,216.4,13.54,15.98,2.9301,53.3,21.3,2.316401,2.362701
46.9833,218.1,13.26,16.45,2.892,53.2,21.2,2.317205,2.36355
47.0,214.5,13.5,15.89,2.8958,53.7,21.7,2.318009,2.364364
47.0167,217.8,13.76,15.83,2.9969,53.0,21.0,2.318842,2.365377
47.0333,219.0,13.8,15.87,3.0222,52.8,20.8,2.319681,2.365976
47.05,217.4,13.78,15.78,2.9958,53.0,21.0,2.320513,2.366841
47.0667,218.8,13.38,16.35,2.9275,53.0,21.0,2.321327,2.367659
47.0833,215.4,13.56,15.88,2.9208,52.8,20.8,2.322138,2.368495
47.1,217.8,13.65,15.96,2.973,52.9,20.9,2.322964,2.369609
47.1167,216.5,13.58,15.94,2.9401,53.1,21.1,2.32378,2.370346
47.1333,220.0,13.39,16.43,2.9458,53.0,21.0,2.324599,2.371025
47.15,218.4,13.74,15.9,3.0008,53.5,21.5,2.325432,2.372037
47.1667,217.3,13.45,16.16,2.9227,52.9,20.9,2.326244,2.372852
47.1833,218.1,13.3,16.4,2.9007,52.8,20.8,2.32705,2.373468
47.2,215.8,13.33,16.19,2.8766,53.0,21.0,2.327849,2.374472
47.2167,218.6,13.56,16.12,2.9642,52.7,20.7,2.328672,2.375309
47.2333,216.9,13.61,15.94,2.952,52.6,20.6,2.329492,2.375997
47.25,217.7,13.4,16.25,2.9172,52.8,20.8,2.330303,2.376755
47.2667,218.2,13.59,16.06,2.9653,52.5,20.5,2.331126,2.377843
47.2833,217.4,13.61,15.97,2.9588,52.7,20.7,2.331948,2.378712
47.3,219.6,13.49,16.28,2.9624,52.8,20.8,2.332771,2.379093
47.3167,218.4,13.32,16.4,2.9091,52.9,20.9,2.333579,2.380331
47.3333,219.6,13.65,16.09,2.9975,52.6,20.6,2.334412,2.381189
47.35,215.9,13.59,15.89,2.9341,52.9,20.9,2.335227,2.382038
47.3667,220.1,13.62,16.16,2.9978,53.4,21.4,2.33606,2.382802
47.3833,218.3,13.39,16.3,2.923,52.7,20.7,2.336871,2.383689
47.4,214.6,13.5,15.9,2.8971,52.5,20.5,2.337676,2.384354
47.4167,218.1,13.13,16.61,2.8637,53.1,21.1,2.338472,2.385135
47.4333,215.1,13.59,15.83,2.9232,52.4,20.4,2.339284,2.386058
47.45,219.3,13.5,16.24,2.9606,52.5,20.5,2.340106,2.386935
47.4667,217.7,13.4,16.25,2.9172,52.3,20.3,2.340916,2.387694
47.4833,214.2,13.4,15.99,2.8703,52.7,20.7,2.341714,2.388542
47.5,216.8,13.31,16.29,2.8856,52.6,20.6,2.342515,2.389529
47.5167,215.2,13.32,16.16,2.8665,52.6,20.6,2.343312,2.390331
47.5333,217.3,13.36,16.26,2.9031,52.3,20.3,2.344118,2.39092
47.55,217.8,13.47,16.17,2.9338,52.6,20.6,2.344933,2.3918
47.5667,216.2,13.53,15.98,2.9252,52.7,20.7,2.345745,2.392687
47.5833,216.2,13.21,16.37,2.856,52.2,20.2,2.346539,2.393497
47.6,215.9,13.39,16.12,2.8909,52.4,20.4,2.347342,2.394239
47.6167,217.7,13.41,16.23,2.9194,52.6,20.6,2.348153,2.395234
47.6333,218.9,13.39,16.35,2.9311,52.1,20.1,2.348967,2.395891
47.65,216.7,13.39,16.18,2.9016,52.8,20.8,2.349773,2.396655
47.6667,219.8,13.43,16.37,2.9519,52.2,20.2,2.350593,2.397532
47.6833,217.2,13.58,15.99,2.9496,52.1,20.1,2.351412,2.398371
47.7,218.8,13.4,16.33,2.9319,51.7,19.7,2.352227,2.399249
47.7167,220.1,13.23,16.64,2.9119,52.4,20.4,2.353036,2.400176
47.7333,216.8,13.19,16.44,2.8596,51.6,19.6,2.35383,2.401008
47.75,216.7,13.47,16.09,2.9189,52.0,20.0,2.354641,2.401979
47.7667,217.4,13.21,16.46,2.8719,52.6,20.6,2.355438,2.40259
47.7833,220.5,13.17,16.74,2.904,51.9,19.9,2.356245,2.40342
47.8,217.0,13.19,16.45,2.8622,52.4,20.4,2.35704,2.404014
47.8167,219.0,13.32,16.44,2.9171,52.1,20.1,2.35785,2.405119
47.8333,218.0,13.37,16.31,2.9147,52.0,20.0,2.35866,2.405751
47.85,218.0,13.31,16.38,2.9016,52.3,20.3,2.359466,2.406481
47.8667,215.6,13.38,16.11,2.8847,52.7,20.7,2.360267,2.407682
47.8833,217.0,13.46,16.12,2.9208,52.4,20.4,2.361079,2.408131
47.9,220.7,13.2,16.72,2.9132,51.6,19.6,2.361888,2.40916
47.9167,218.1,13.2,16.52,2.8789,52.1,20.1,2.362688,2.410022
47.9333,215.6,13.22,16.31,2.8502,51.9,19.9,2.363479,2.410794
47.95,218.5,13.0,16.81,2.8405,51.5,19.5,2.364268,2.411703
47.9667,219.4,13.05,16.81,2.8632,52.7,20.7,2.365064,2.412338
47.9833,217.6,13.43,16.2,2.9224,52.3,20.3,2.365876,2.413346
48.0,218.7,13.15,16.63,2.8759,51.9,19.9,2.366674,2.414167
48.0167,219.0,13.1,16.72,2.8689,52.2,20.2,2.367471,2.414887
48.0333,217.2,12.89,16.85,2.7997,52.3,20.3,2.368249,2.41566
48.05,218.8,13.09,16.72,2.8641,52.0,20.0,2.369045,2.416315
48.0667,217.2,13.21,16.44,2.8692,51.8,19.8,2.369842,2.41711
48.0833,216.3,13.3,16.26,2.8768,52.0,20.0,2.370641,2.418188
48.1,217.8,13.1,16.63,2.8532,51.9,19.9,2.371433,2.4188
48.1167,219.8,12.91,17.03,2.8376,52.1,20.1,2.372221,2.4197
48.1333,216.0,13.14,16.44,2.8382,52.0,20.0,2.37301,2.420368
48.15,218.0,13.18,16.54,2.8732,51.9,19.9,2.373808,2.421348
48.1667,217.9,13.22,16.48,2.8806,51.5,19.5,2.374608,2.422025
48.1833,219.1,13.1,16.73,2.8702,51.9,19.9,2.375405,2.422934
48.2,216.7,13.12,16.52,2.8431,52.0,20.0,2.376195,2.423565
48.2167,220.0,12.99,16.94,2.8578,52.2,20.2,2.376989,2.424468
48.2333,216.7,13.17,16.45,2.8539,51.6,19.6,2.377782,2.425359
48.25,219.2,12.97,16.9,2.843,51.8,19.8,2.378571,2.426069
48.2667,217.0,13.08,16.59,2.8384,52.1,20.1,2.37936,2.427017
48.2833,218.3,12.93,16.88,2.8226,52.2,20.2,2.380144,2.427783
48.3,216.4,13.22,16.37,2.8608,52.2,20.2,2.380939,2.428568
48.3167,217.7,13.23,16.46,2.8802,52.0,20.0,2.381739,2.429205
48.3333,217.4,12.85,16.92,2.7936,51.5,19.5,2.382515,2.430043
48.35,215.7,12.67,17.02,2.7329,51.9,19.9,2.383274,2.430818
48.3667,214.5,13.12,16.35,2.8142,52.4,20.4,2.384056,2.431855
48.3833,214.3,12.66,16.93,2.713,51.8,19.8,2.384809,2.432335
48.4,217.8,12.91,16.87,2.8118,51.2,19.2,2.38559,2.433364
48.4167,215.1,13.0,16.55,2.7963,52.1,20.1,2.386367,2.434158
48.4333,218.9,12.91,16.96,2.826,51.5,19.5,2.387152,2.434722
48.45,217.4,12.97,16.76,2.8197,51.7,19.7,2.387935,2.435689
48.4667,217.1,13.01,16.69,2.8245,51.7,19.7,2.38872,2.436598
48.4833,218.4,12.98,16.83,2.8348,51.6,19.6,2.389507,2.437218
48.5,217.9,12.76,17.08,2.7804,51.7,19.7,2.39028,2.437955
48.5167,219.8,12.78,17.2,2.809,51.8,19.8,2.39106,2.438838
48.5333,216.3,12.98,16.66,2.8076,51.7,19.7,2.39184,2.439697
48.55,215.6,12.72,16.95,2.7424,51.7,19.7,2.392602,2.440331
48.5667,216.9,13.08,16.58,2.8371,51.5,19.5,2.39339,2.441324
48.5833,218.6,12.97,16.85,2.8352,51.4,19.4,2.394177,2.442097
48.6,216.9,13.03,16.65,2.8262,51.5,19.5,2.394962,2.442904
48.6167,216.4,13.06,16.57,2.8262,51.7,19.7,2.395747,2.443578
48.6333,218.2,12.69,17.19,2.769,51.5,19.5,2.396516,2.444349
48.65,217.8,12.77,17.06,2.7813,51.6,19.6,2.397289,2.445329
48.6667,216.7,12.93,16.76,2.8019,51.8,19.8,2.398067,2.446226
48.6833,216.6,12.89,16.8,2.792,51.5,19.5,2.398843,2.446769
48.7,217.5,12.69,17.14,2.7601,51.5,19.5,2.39961,2.447514
48.7167,221.4,13.04,16.98,2.8871,51.6,19.6,2.400412,2.44833
48.7333,218.1,12.87,16.95,2.8069,51.4,19.4,2.401191,2.449218
48.75,215.9,12.92,16.71,2.7894,51.6,19.6,2.401966,2.449932
48.7667,216.4,13.13,16.48,2.8413,50.9,18.9,2.402755,2.450888
48.7833,223.1,12.66,17.62,2.8244,51.8,19.8,2.40354,2.451683
48.8,218.4,12.72,17.17,2.778,51.6,19.6,2.404312,2.452374
48.8167,216.3,12.76,16.95,2.76,51.5,19.5,2.405078,2.453238
48.8333,217.0,12.76,17.01,2.7689,51.6,19.6,2.405847,2.454092
48.85,216.8,12.83,16.9,2.7815,51.5,19.5,2.40662,2.454563
48.8667,216.1,12.74,16.96,2.7531,51.2,19.2,2.407385,2.455562
48.8833,220.5,12.98,16.99,2.8621,51.8,19.8,2.40818,2.456308
48.9,216.5,12.84,16.86,2.7799,51.4,19.4,2.408952,2.457098
48.9167,218.9,12.89,16.98,2.8216,51.1,19.1,2.409736,2.458062
48.9333,216.7,12.89,16.81,2.7933,51.0,19.0,2.410512,2.45888
48.95,220.1,12.63,17.43,2.7799,51.8,19.8,2.411284,2.459553
48.9667,217.1,12.81,16.95,2.7811,50.9,18.9,2.412056,2.460392
48.9833,217.2,12.68,17.13,2.7541,51.9,19.9,2.412821,2.461098
49.0,219.8,13.13,16.74,2.886,51.5,19.5,2.413623,2.461969
49.0167,217.1,13.05,16.64,2.8332,51.0,19.0,2.41441,2.462686
49.0333,216.1,12.58,17.18,2.7185,51.1,19.1,2.415165,2.463573
49.05,216.9,12.8,16.95,2.7763,51.0,19.0,2.415936,2.464176
49.0667,215.8,12.55,17.2,2.7083,50.7,18.7,2.416689,2.465046
49.0833,216.6,12.78,16.95,2.7681,51.2,19.2,2.417458,2.465859
49.1,217.0,12.82,16.93,2.7819,51.2,19.2,2.41823,2.466617
49.1167,219.1,12.45,17.6,2.7278,51.3,19.3,2.418988,2.467412
49.1333,219.4,12.79,17.15,2.8061,50.7,18.7,2.419768,2.468401
49.15,215.8,12.61,17.11,2.7212,50.5,18.5,2.420523,2.468837
49.1667,216.6,12.69,17.07,2.7487,50.7,18.7,2.421287,2.469782
49.1833,215.7,12.37,17.44,2.6682,51.7,19.7,2.422028,2.470515
49.2,217.7,12.64,17.22,2.7517,51.1,19.1,2.422793,2.471308
49.2167,217.7,12.69,17.16,2.7626,51.1,19.1,2.42356,2.471974
49.2333,219.1,12.57,17.43,2.7541,50.7,18.7,2.424325,2.472821
49.25,215.4,12.46,17.29,2.6839,50.7,18.7,2.42507,2.473521
49.2667,219.4,12.69,17.29,2.7842,50.8,18.8,2.425844,2.474346
49.2833,219.9,12.59,17.47,2.7685,51.2,19.2,2.426613,2.475103
49.3,216.7,12.72,17.04,2.7564,51.1,19.1,2.427379,2.475818
49.3167,216.7,12.41,17.46,2.6892,50.8,18.8,2.428126,2.476608
49.3333,217.3,12.56,17.3,2.7293,50.6,18.6,2.428884,2.477569
49.35,217.2,12.68,17.13,2.7541,50.9,18.9,2.429649,2.478351
49.3667,218.6,12.75,17.15,2.7872,50.7,18.7,2.430423,2.479226
49.3833,218.9,12.54,17.46,2.745,51.0,19.0,2.431185,2.479805
49.4,216.1,12.71,17.0,2.7466,50.3,18.3,2.431948,2.48073
49.4167,217.4,12.68,17.15,2.7566,50.9,18.9,2.432714,2.481309
49.4333,217.7,12.81,16.99,2.7887,50.6,18.6,2.433489,2.482266
49.45,219.8,12.74,17.25,2.8003,50.3,18.3,2.434267,2.482924
49.4667,218.2,12.49,17.47,2.7253,51.1,19.1,2.435024,2.483684
49.4833,217.9,12.5,17.43,2.7237,51.0,19.0,2.43578,2.484618
49.5,215.5,12.33,17.48,2.6571,50.8,18.8,2.436518,2.485191
49.5167,216.7,12.73,17.02,2.7586,50.9,18.9,2.437285,2.485967
49.5333,216.5,12.88,16.81,2.7885,50.5,18.5,2.438059,2.487026
49.55,216.9,12.83,16.91,2.7828,50.6,18.6,2.438832,2.48762
49.5667,217.4,12.52,17.36,2.7218,50.7,18.7,2.439588,2.488507
49.5833,220.6,12.38,17.82,2.731,50.1,18.1,2.440347,2.488989
49.6,218.0,12.64,17.25,2.7555,51.0,19.0,2.441112,2.490081
49.6167,214.7,12.52,17.15,2.688,50.9,18.9,2.441859,2.490673
49.6333,215.3,12.53,17.18,2.6977,50.5,18.5,2.442608,2.491502
49.65,216.9,12.51,17.34,2.7134,50.9,18.9,2.443362,2.492211
49.6667,216.9,12.53,17.31,2.7178,50.6,18.6,2.444117,2.492759
49.6833,218.7,12.56,17.41,2.7469,50.4,18.4,2.44488,2.493628
49.7,217.5,12.53,17.36,2.7253,50.5,18.5,2.445637,2.494593
49.7167,216.2,12.33,17.53,2.6657,50.4,18.4,2.446377,2.495234
49.7333,219.2,12.62,17.37,2.7663,50.4,18.4,2.447146,2.4961
49.75,217.0,12.76,17.01,2.7689,50.4,18.4,2.447915,2.49694
49.7667,217.3,12.57,17.29,2.7315,50.6,18.6,2.448674,2.497616
49.7833,217.8,12.22,17.82,2.6615,50.8,18.8,2.449413,2.498294
49.8,215.0,12.48,17.23,2.6832,50.5,18.5,2.450158,2.499208
49.8167,217.4,12.61,17.24,2.7414,50.2,18.2,2.45092,2.499883
49.8333,215.8,12.55,17.2,2.7083,50.9,18.9,2.451672,2.500486
49.85,218.4,12.2,17.9,2.6645,50.6,18.6,2.452412,2.5014
49.8667,216.2,12.36,17.49,2.6722,50.4,18.4,2.453155,2.502337
49.8833,218.8,12.13,18.04,2.654,50.5,18.5,2.453892,2.502965
49.9,219.1,12.59,17.4,2.7585,50.4,18.4,2.454658,2.503868
49.9167,216.2,12.17,17.76,2.6312,50.8,18.8,2.455389,2.504603
49.9333,215.6,12.3,17.53,2.6519,50.5,18.5,2.456126,2.505165
49.95,217.0,12.01,18.07,2.6062,50.1,18.1,2.45685,2.506078
49.9667,216.0,12.11,17.84,2.6158,50.7,18.7,2.457576,2.50669
49.9833,219.2,12.52,17.51,2.7444,50.0,18.0,2.458339,2.50762
50.0,216.6,12.45,17.4,2.6967,49.9,17.9,2.459088,2.508372
50.0167,219.2,14.33,15.3,3.1411,55.3,23.3,2.45996,2.509055
50.0333,216.5,14.11,15.34,3.0548,55.2,23.2,2.460809,2.509895
50.05,214.8,14.48,14.83,3.1103,55.3,23.3,2.461673,2.510927
50.0667,217.6,14.78,14.72,3.2161,55.5,23.5,2.462566,2.511948
50.0833,214.7,14.47,14.84,3.1067,55.0,23.0,2.463429,2.512636
50.1,215.8,14.43,14.95,3.114,55.0,23.0,2.464294,2.513567
50.1167,217.2,14.31,15.18,3.1081,53.9,21.9,2.465157,2.51454
50.1333,219.7,14.31,15.35,3.1439,54.9,22.9,2.466031,2.515517
50.15,216.7,14.19,15.27,3.075,54.5,22.5,2.466885,2.516276
50.1667,214.4,14.41,14.88,3.0895,54.8,22.8,2.467743,2.517027
50.1833,215.4,14.09,15.29,3.035,54.7,22.7,2.468586,2.517896
50.2,216.4,14.29,15.14,3.0924,54.5,22.5,2.469445,2.518693
50.2167,218.7,14.17,15.43,3.099,54.6,22.6,2.470306,2.519802
50.2333,219.4,14.19,15.46,3.1133,54.1,22.1,2.471171,2.52074
50.25,215.5,14.39,14.98,3.101,54.7,22.7,2.472032,2.52145
50.2667,218.3,14.32,15.24,3.1261,54.8,22.8,2.4729,2.522274
50.2833,216.1,13.92,15.52,3.0081,54.0,22.0,2.473736,2.523187
50.3,216.1,14.1,15.33,3.047,54.6,22.6,2.474582,2.524147
50.3167,216.0,14.22,15.19,3.0715,54.2,22.2,2.475436,2.525102
50.3333,216.8,13.94,15.55,3.0222,54.3,22.3,2.476275,2.525778
50.35,216.3,14.33,15.09,3.0996,54.3,22.3,2.477136,2.526625
50.3667,216.8,13.99,15.5,3.033,54.4,22.4,2.477979,2.527538
50.3833,217.6,14.21,15.31,3.0921,53.9,21.9,2.478838,2.528345
50.4,217.2,13.72,15.83,2.98,54.2,22.2,2.479665,2.529251
50.4167,219.2,14.02,15.63,3.0732,54.0,22.0,2.480519,2.530145
50.4333,217.4,13.97,15.56,3.0371,53.5,21.5,2.481363,2.530866
50.45,218.1,13.78,15.83,3.0054,53.6,21.6,2.482197,2.531799
50.4667,215.5,14.04,15.35,3.0256,53.4,21.4,2.483038,2.532548
50.4833,216.8,14.15,15.32,3.0677,53.6,21.6,2.48389,2.533295
50.5,216.0,13.92,15.52,3.0067,53.3,21.3,2.484725,2.534576
50.5167,216.6,13.98,15.49,3.0281,53.2,21.2,2.485566,2.535475
50.5333,219.4,14.04,15.63,3.0804,53.9,21.9,2.486422,2.536144
50.55,217.0,13.75,15.78,2.9838,54.1,22.1,2.487251,2.536975
50.5667,217.1,13.63,15.93,2.9591,53.4,21.4,2.488073,2.538002
50.5833,215.7,13.59,15.87,2.9314,53.4,21.4,2.488887,2.538524
50.6,215.7,13.35,16.16,2.8796,53.1,21.1,2.489687,2.539509
50.6167,217.8,13.94,15.62,3.0361,53.1,21.1,2.49053,2.540343
50.6333,216.9,13.81,15.71,2.9954,53.0,21.0,2.491362,2.541143
50.65,217.7,13.83,15.74,3.0108,53.5,21.5,2.492199,2.542001
50.6667,216.7,13.66,15.86,2.9601,53.2,21.2,2.493021,2.542754
50.6833,216.4,13.89,15.58,3.0058,53.2,21.2,2.493856,2.54362
50.7,213.7,13.54,15.78,2.8935,53.4,21.4,2.49466,2.544547
50.7167,217.7,13.44,16.2,2.9259,53.0,21.0,2.495472,2.545302
50.7333,215.9,13.32,16.21,2.8758,53.3,21.3,2.496271,2.546178
50.75,216.6,13.36,16.21,2.8938,53.1,21.1,2.497075,2.547027
50.7667,215.7,13.37,16.13,2.8839,52.9,20.9,2.497876,2.547873
50.7833,216.9,13.74,15.79,2.9802,52.5,20.5,2.498704,2.548648
50.8,216.1,13.5,16.01,2.9173,52.5,20.5,2.499514,2.549404
50.8167,218.1,13.53,16.12,2.9509,52.7,20.7,2.500334,2.550246
50.8333,217.7,13.52,16.1,2.9433,53.2,21.2,2.501152,2.551131
50.85,216.7,13.59,15.95,2.945,52.4,20.4,2.50197,2.552094
50.8667,218.3,13.52,16.15,2.9514,53.0,21.0,2.50279,2.552898
50.8833,214.3,13.33,16.08,2.8566,52.5,20.5,2.503583,2.553655
50.9,217.9,13.3,16.38,2.8981,53.1,21.1,2.504388,2.554463
50.9167,219.4,13.24,16.57,2.9049,52.6,20.6,2.505195,2.555296
50.9333,214.6,13.02,16.48,2.7941,52.9,20.9,2.505971,2.556126
50.95,220.6,13.52,16.32,2.9825,52.5,20.5,2.5068,2.556934
50.9667,217.5,13.28,16.38,2.8884,52.8,20.8,2.507602,2.557682
50.9833,214.4,13.53,15.85,2.9008,52.6,20.6,2.508408,2.558705
51.0,218.2,13.31,16.39,2.9042,52.1,20.1,2.509214,2.559566
51.0167,216.2,13.42,16.11,2.9014,51.8,19.8,2.51002,2.560126
51.0333,214.3,13.14,16.31,2.8159,52.4,20.4,2.510803,2.56107
51.05,216.9,13.22,16.41,2.8674,52.7,20.7,2.511599,2.561861
51.0667,216.3,13.53,15.99,2.9265,52.3,20.3,2.512412,2.562579
51.0833,218.6,13.13,16.65,2.8702,52.4,20.4,2.513209,2.563583
51.1,216.2,13.29,16.27,2.8733,51.3,19.3,2.514007,2.564079
51.1167,215.6,13.43,16.05,2.8955,52.5,20.5,2.514812,2.565053
51.1333,218.3,12.98,16.82,2.8335,52.4,20.4,2.515599,2.565996
51.15,218.5,13.01,16.79,2.8427,52.1,20.1,2.516388,2.5669
51.1667,218.7,13.12,16.67,2.8693,51.6,19.6,2.517185,2.567702
51.1833,216.0,13.28,16.27,2.8685,52.3,20.3,2.517982,2.568258
51.2,216.7,13.06,16.59,2.8301,51.5,19.5,2.518768,2.569125
51.2167,219.0,12.92,16.95,2.8295,51.5,19.5,2.519554,2.569889
51.2333,218.5,12.83,17.03,2.8034,51.9,19.9,2.520333,2.570824
51.25,217.6,12.87,16.91,2.8005,52.1,20.1,2.521111,2.571497
51.2667,217.6,12.88,16.89,2.8027,51.9,19.9,2.52189,2.572334
51.2833,216.6,12.73,17.01,2.7573,51.4,19.4,2.522655,2.573401
51.3,214.8,12.93,16.61,2.7774,51.5,19.5,2.523427,2.573779
51.3167,218.3,13.23,16.5,2.8881,51.5,19.5,2.524229,2.574838
51.3333,216.2,13.01,16.62,2.8128,51.2,19.2,2.525011,2.575384
51.35,217.2,12.79,16.98,2.778,51.4,19.4,2.525782,2.576359
51.3667,217.2,12.86,16.89,2.7932,51.7,19.7,2.526558,2.576908
51.3833,215.5,12.78,16.86,2.7541,51.6,19.6,2.527323,2.577956
51.4,214.2,12.67,16.91,2.7139,52.0,20.0,2.528077,2.578781
51.4167,215.9,12.94,16.68,2.7937,51.5,19.5,2.528853,2.57946
51.4333,219.4,12.79,17.15,2.8061,52.0,20.0,2.529633,2.580247
51.45,219.6,12.78,17.18,2.8065,51.3,19.3,2.530412,2.581016
51.4667,220.1,12.71,17.32,2.7975,51.6,19.6,2.531189,2.581561
51.4833,217.2,12.95,16.77,2.8127,50.8,18.8,2.53197,2.582747
51.5,217.6,12.73,17.09,2.77,51.1,19.1,2.53274,2.583543
51.5167,216.3,12.75,16.96,2.7578,50.5,18.5,2.533506,2.58409
51.5333,216.7,12.54,17.28,2.7174,51.4,19.4,2.534261,2.584833
51.55,219.7,12.56,17.49,2.7594,50.7,18.7,2.535027,2.58578
51.5667,220.6,12.51,17.63,2.7597,51.1,19.1,2.535794,2.586404
51.5833,216.2,12.38,17.46,2.6766,50.5,18.5,2.536537,2.587362
51.6,218.1,12.32,17.7,2.687,50.9,18.9,2.537284,2.58817
51.6167,219.6,12.75,17.22,2.7999,50.6,18.6,2.538062,2.588827
51.6333,220.6,12.32,17.91,2.7178,50.8,18.8,2.538816,2.589744
51.65,216.8,12.6,17.21,2.7317,50.5,18.5,2.539575,2.590348
51.6667,217.1,12.38,17.54,2.6877,51.1,19.1,2.540322,2.591255
51.6833,215.0,12.7,16.93,2.7305,50.3,18.3,2.54108,2.591862
51.7,221.0,12.75,17.33,2.8178,50.5,18.5,2.541863,2.59271
51.7167,220.3,12.42,17.74,2.7361,50.8,18.8,2.542623,2.593631
51.7333,216.4,12.4,17.45,2.6834,50.3,18.3,2.543368,2.594165
51.75,219.0,12.47,17.56,2.7309,51.2,19.2,2.544127,2.595069
51.7667,216.5,12.33,17.56,2.6694,50.5,18.5,2.544869,2.595851
51.7833,215.9,11.97,18.04,2.5843,50.0,18.0,2.545586,2.596704
51.8,216.8,12.4,17.48,2.6883,50.5,18.5,2.546333,2.597397
51.8167,218.0,12.19,17.88,2.6574,50.3,18.3,2.547071,2.598048
51.8333,218.4,12.28,17.79,2.682,50.1,18.1,2.547816,2.598683
51.85,217.1,12.26,17.71,2.6616,50.2,18.2,2.548556,2.599649
51.8667,217.2,12.12,17.92,2.6325,50.3,18.3,2.549287,2.600265
51.8833,216.1,12.12,17.83,2.6191,49.7,17.7,2.550014,2.600985
51.9,220.5,12.33,17.88,2.7188,50.0,18.0,2.55077,2.601826
51.9167,218.2,12.22,17.86,2.6664,49.8,17.8,2.55151,2.602628
51.9333,215.1,12.22,17.6,2.6285,50.2,18.2,2.55224,2.603334
51.95,216.1,11.96,18.07,2.5846,50.4,18.4,2.552958,2.604082
51.9667,215.6,12.38,17.42,2.6691,49.8,17.8,2.5537,2.60471
51.9833,216.4,11.93,18.14,2.5817,49.9,17.9,2.554417,2.605354
52.0,216.6,11.93,18.16,2.584,50.2,18.2,2.555135,2.606229
52.0167,217.1,12.09,17.96,2.6247,49.5,17.5,2.555864,2.60696
52.0333,219.2,12.13,18.07,2.6589,50.1,18.1,2.556602,2.607967
52.05,217.5,12.28,17.71,2.6709,49.7,17.7,2.557344,2.608506
52.0667,216.7,11.98,18.09,2.5961,49.2,17.2,2.558065,2.609266
52.0833,217.3,11.83,18.37,2.5707,49.2,17.2,2.55878,2.610066
52.1,220.4,11.7,18.84,2.5787,49.3,17.3,2.559496,2.610735
52.1167,215.9,11.87,18.19,2.5627,49.3,17.3,2.560208,2.611473
52.1333,218.9,11.8,18.55,2.583,49.5,17.5,2.560925,2.612077
52.15,218.5,11.87,18.41,2.5936,49.7,17.7,2.561646,2.61307
52.1667,215.8,11.72,18.41,2.5292,49.7,17.7,2.562348,2.613521
52.1833,216.0,11.82,18.27,2.5531,49.3,17.3,2.563057,2.614264
52.2,218.1,11.83,18.44,2.5801,49.2,17.2,2.563774,2.614981
52.2167,215.3,11.9,18.09,2.5621,49.2,17.2,2.564486,2.615753
52.2333,219.4,11.79,18.61,2.5867,49.4,17.4,2.565204,2.61659
52.25,217.5,11.63,18.7,2.5295,48.8,16.8,2.565907,2.617279
52.2667,219.0,11.54,18.98,2.5273,49.1,17.1,2.566609,2.618105
52.2833,217.2,11.61,18.71,2.5217,48.7,16.7,2.567309,2.618757
52.3,219.0,11.71,18.7,2.5645,48.5,16.5,2.568022,2.619422
52.3167,220.1,11.88,18.53,2.6148,48.8,16.8,2.568748,2.620336
52.3333,216.0,11.44,18.88,2.471,49.3,17.3,2.569435,2.620718
52.35,217.0,11.62,18.67,2.5215,49.6,17.6,2.570135,2.621549
52.3667,218.6,11.86,18.43,2.5926,48.7,16.7,2.570855,2.622471
52.3833,218.4,11.59,18.84,2.5313,49.0,17.0,2.571558,2.623176
52.4,220.1,11.33,19.43,2.4937,48.4,16.4,2.572251,2.623602
52.4167,218.0,11.29,19.31,2.4612,48.8,16.8,2.572935,2.624438
52.4333,216.4,11.2,19.32,2.4237,49.0,17.0,2.573608,2.625165
52.45,217.2,11.28,19.26,2.45,48.9,16.9,2.574288,2.625881
52.4667,218.4,11.04,19.78,2.4111,48.5,16.5,2.574958,2.626256
52.4833,217.3,11.66,18.64,2.5337,48.8,16.8,2.575662,2.627262
52.5,216.8,11.42,18.98,2.4759,48.4,16.4,2.57635,2.627943
52.5167,217.9,11.41,19.1,2.4862,48.4,16.4,2.57704,2.62841
52.5333,216.8,11.56,18.75,2.5062,48.8,16.8,2.577737,2.629484
52.55,217.0,11.71,18.53,2.5411,47.9,15.9,2.578442,2.629926
52.5667,217.4,11.65,18.66,2.5327,48.6,16.6,2.579146,2.630751
52.5833,219.1,11.27,19.44,2.4693,49.0,17.0,2.579832,2.631682
52.6,215.5,11.35,18.99,2.4459,48.6,16.6,2.580511,2.6321
52.6167,214.1,11.19,19.13,2.3958,48.7,16.7,2.581177,2.632868
52.6333,217.4,11.26,19.31,2.4479,48.5,16.5,2.581857,2.633428
52.65,220.2,11.38,19.35,2.5059,48.3,16.3,2.582553,2.63428
52.6667,217.3,10.88,19.97,2.3642,47.5,15.5,2.58321,2.634888
52.6833,218.0,11.3,19.29,2.4634,48.0,16.0,2.583894,2.635674
52.7,217.9,11.13,19.58,2.4252,48.1,16.1,2.584567,2.63609
52.7167,217.9,11.09,19.65,2.4165,47.9,15.9,2.585239,2.636927
52.7333,217.4,11.34,19.17,2.4653,48.0,16.0,2.585924,2.637622
52.75,219.9,10.87,20.23,2.3903,47.9,15.9,2.586588,2.638338
52.7667,215.7,10.98,19.64,2.3684,47.7,15.7,2.587245,2.639145
52.7833,215.6,11.23,19.2,2.4212,47.7,15.7,2.587918,2.639727
52.8,216.9,11.27,19.25,2.4445,47.5,15.5,2.588597,2.640331
52.8167,221.0,10.99,20.11,2.4288,47.9,15.9,2.589272,2.641037
52.8333,216.6,10.94,19.8,2.3696,47.6,15.6,2.58993,2.641726
52.85,215.2,11.09,19.4,2.3866,47.8,15.8,2.590593,2.642429
52.8667,218.4,10.91,20.02,2.3827,47.9,15.9,2.591255,2.642915
52.8833,217.6,10.96,19.85,2.3849,48.2,16.2,2.591917,2.643771
52.9,216.2,11.07,19.53,2.3933,47.9,15.9,2.592582,2.64455
52.9167,216.5,11.02,19.65,2.3858,48.0,16.0,2.593245,2.644984
52.9333,218.2,10.94,19.95,2.3871,47.5,15.5,2.593908,2.645722
52.95,217.1,10.86,19.99,2.3577,48.1,16.1,2.594563,2.646588
52.9667,217.8,11.11,19.6,2.4198,47.5,15.5,2.595235,2.647171
52.9833,218.4,10.94,19.96,2.3893,47.1,15.1,2.595899,2.647796
53.0,222.0,10.95,20.27,2.4309,47.2,15.2,2.596574,2.648466
53.0167,220.0,10.73,20.5,2.3606,47.4,15.4,2.59723,2.649147
53.0333,217.9,10.77,20.23,2.3468,47.4,15.4,2.597881,2.649898
53.05,219.3,10.86,20.19,2.3816,47.7,15.7,2.598543,2.650487
53.0667,217.2,10.7,20.3,2.324,47.3,15.3,2.599189,2.651254
53.0833,217.7,10.79,20.18,2.349,46.9,14.9,2.599841,2.651737
53.1,216.7,10.54,20.56,2.284,47.1,15.1,2.600475,2.652588
53.1167,215.6,10.77,20.02,2.322,46.7,14.7,2.60112,2.653115
53.1333,217.6,10.75,20.24,2.3392,47.1,15.1,2.60177,2.653769
53.15,218.3,10.74,20.33,2.3445,47.0,15.0,2.602421,2.654332
53.1667,217.2,10.62,20.45,2.3067,47.0,15.0,2.603062,2.654965
53.1833,218.0,10.82,20.15,2.3588,47.3,15.3,2.603717,2.655862
53.2,217.1,10.68,20.33,2.3186,46.7,14.7,2.604362,2.656312
53.2167,218.3,10.64,20.52,2.3227,47.0,15.0,2.605007,2.657014
53.2333,216.1,10.51,20.56,2.2712,46.3,14.3,2.605638,2.657751
53.25,223.0,10.28,21.69,2.2924,46.9,14.9,2.606274,2.658524
53.2667,218.2,10.61,20.57,2.3151,46.4,14.4,2.606917,2.65908
53.2833,216.5,10.71,20.21,2.3187,47.0,15.0,2.607562,2.659693
53.3,216.9,10.57,20.52,2.2926,47.0,15.0,2.608198,2.660492
53.3167,218.0,10.38,21.0,2.2628,46.8,14.8,2.608827,2.661071
53.3333,217.7,10.6,20.54,2.3076,46.5,14.5,2.609468,2.661667
53.35,215.7,10.43,20.68,2.2498,46.7,14.7,2.610093,2.662413
53.3667,218.5,10.38,21.05,2.268,46.4,14.4,2.610723,2.662973
53.3833,218.1,10.31,21.15,2.2486,46.3,14.3,2.611347,2.663628
53.4,217.3,10.49,20.71,2.2795,46.5,14.5,2.611981,2.664335
53.4167,216.3,10.26,21.08,2.2192,46.6,14.6,2.612597,2.66483
53.4333,217.8,10.32,21.1,2.2477,46.5,14.5,2.613221,2.665477
53.45,219.4,10.17,21.57,2.2313,46.3,14.3,2.613841,2.666189
53.4667,216.9,10.48,20.7,2.2731,46.2,14.2,2.614473,2.66677
53.4833,218.7,10.18,21.48,2.2264,45.9,13.9,2.615091,2.667282
53.5,218.2,10.12,21.56,2.2082,46.4,14.4,2.615705,2.668078
53.5167,215.2,10.12,21.26,2.1778,46.3,14.3,2.616309,2.668563
53.5333,217.8,10.2,21.35,2.2216,45.8,13.8,2.616927,2.669299
53.55,219.2,10.16,21.57,2.2271,46.1,14.1,2.617545,2.670098
53.5667,221.0,9.98,22.14,2.2056,46.6,14.6,2.618158,2.670491
53.5833,217.2,9.9,21.94,2.1503,45.9,13.9,2.618755,2.671188
53.6,218.9,10.16,21.55,2.224,45.4,13.4,2.619373,2.671563
53.6167,219.9,10.07,21.84,2.2144,46.0,14.0,2.619988,2.672572
53.6333,218.0,9.85,22.13,2.1473,46.2,14.2,2.620585,2.673011
53.65,219.3,10.21,21.48,2.2391,45.7,13.7,2.621207,2.673602
53.6667,218.1,9.78,22.3,2.133,46.4,14.4,2.621799,2.674075
53.6833,219.6,9.94,22.09,2.1828,45.8,13.8,2.622405,2.674679
53.7,218.8,9.93,22.03,2.1727,45.8,13.8,2.623009,2.675441
53.7167,220.1,9.92,22.19,2.1834,45.4,13.4,2.623615,2.676253
53.7333,218.0,9.81,22.22,2.1386,45.6,13.6,2.624209,2.676781
53.75,217.8,10.08,21.61,2.1954,45.1,13.1,2.624819,2.677273
53.7667,215.0,9.63,22.33,2.0705,45.4,13.4,2.625394,2.677873
53.7833,215.5,9.81,21.97,2.1141,45.7,13.7,2.625982,2.67867
53.8,220.6,9.76,22.6,2.1531,45.0,13.0,2.62658,2.679197
53.8167,218.1,9.91,22.01,2.1614,45.5,13.5,2.62718,2.679742
53.8333,215.9,9.63,22.42,2.0791,45.7,13.7,2.627758,2.680366
53.85,217.5,9.83,22.13,2.138,45.1,13.1,2.628352,2.680828
53.8667,216.6,9.52,22.75,2.062,45.5,13.5,2.628924,2.681553
53.8833,220.3,9.68,22.76,2.1325,45.1,13.1,2.629517,2.682124
53.9,220.7,9.95,22.18,2.196,45.7,13.7,2.630127,2.68287
53.9167,217.5,9.54,22.8,2.0749,45.0,13.0,2.630703,2.683464
53.9333,217.3,9.45,22.99,2.0535,45.0,13.0,2.631273,2.683819
53.95,220.5,9.5,23.21,2.0947,45.4,13.4,2.631855,2.68451
53.9667,217.2,9.43,23.03,2.0482,45.2,13.2,2.632424,2.68505
53.9833,217.2,9.57,22.7,2.0786,45.2,13.2,2.633002,2.685676
54.0,219.5,9.68,22.68,2.1248,45.2,13.2,2.633592,2.686237
54.0167,214.0,9.56,22.38,2.0458,44.8,12.8,2.63416,2.686931
54.0333,216.3,9.53,22.7,2.0613,44.6,12.6,2.634733,2.687393
54.05,216.9,9.41,23.05,2.041,45.2,13.2,2.6353,2.68816
54.0667,216.5,9.55,22.67,2.0676,45.4,13.4,2.635874,2.688737
54.0833,219.1,9.46,23.16,2.0727,44.6,12.6,2.63645,2.689078
54.1,219.0,9.72,22.53,2.1287,44.8,12.8,2.637041,2.689811
54.1167,219.1,9.45,23.19,2.0705,45.1,13.1,2.637616,2.690534
54.1333,218.0,9.27,23.52,2.0209,44.7,12.7,2.638178,2.690792
54.15,218.4,9.64,22.66,2.1054,44.2,12.2,2.638762,2.691545
54.1667,216.3,9.3,23.26,2.0116,45.0,13.0,2.639321,2.692141
54.1833,220.0,9.39,23.43,2.0658,45.1,13.1,2.639895,2.6927
54.2,217.4,9.2,23.63,2.0001,44.7,12.7,2.640451,2.693224
54.2167,219.9,9.35,23.52,2.0561,44.9,12.9,2.641022,2.693758
54.2333,220.0,9.24,23.81,2.0328,44.3,12.3,2.641586,2.694414
54.25,220.0,9.32,23.61,2.0504,44.3,12.3,2.642156,2.695076
54.2667,218.8,9.24,23.68,2.0217,44.4,12.4,2.642718,2.695595
54.2833,216.8,9.05,23.96,1.962,44.1,12.1,2.643263,2.69612
54.3,218.5,9.22,23.7,2.0146,44.5,12.5,2.643822,2.696543
54.3167,217.4,9.25,23.5,2.011,43.8,11.8,2.644381,2.697198
54.3333,216.2,9.27,23.32,2.0042,44.7,12.7,2.644938,2.697716
54.35,218.5,9.11,23.98,1.9905,43.9,11.9,2.64549,2.698308
54.3667,217.4,9.2,23.63,2.0001,43.9,11.9,2.646046,2.698961
54.3833,219.0,9.12,24.01,1.9973,44.0,12.0,2.646601,2.699635
54.4,215.8,9.03,23.9,1.9487,43.8,11.8,2.647142,2.700111
54.4167,214.7,9.06,23.7,1.9452,43.7,11.7,2.647682,2.700653
54.4333,216.0,9.1,23.74,1.9656,44.1,12.1,2.648228,2.701178
54.45,218.2,9.02,24.19,1.9682,44.1,12.1,2.648775,2.701757
54.4667,218.2,9.11,23.95,1.9878,44.3,12.3,2.649327,2.702314
54.4833,214.4,8.92,24.04,1.9124,44.2,12.2,2.649859,2.702911
54.5,215.0,8.71,24.68,1.8727,43.9,11.9,2.650379,2.70329
54.5167,220.3,8.89,24.78,1.9585,43.8,11.8,2.650923,2.703967
54.5333,218.7,8.97,24.38,1.9617,43.1,11.1,2.651468,2.704559
54.55,217.8,9.22,23.62,2.0081,44.1,12.1,2.652026,2.705164
54.5667,217.4,9.13,23.81,1.9849,44.2,12.2,2.652577,2.70547
54.5833,218.8,8.88,24.64,1.9429,43.6,11.6,2.653117,2.70607
54.6,216.7,9.01,24.05,1.9525,43.6,11.6,2.653659,2.706753
54.6167,218.0,8.76,24.89,1.9097,43.5,11.5,2.654189,2.707208
54.6333,219.1,8.67,25.27,1.8996,43.9,11.9,2.654717,2.707836
54.65,218.4,8.68,25.16,1.8957,44.2,12.2,2.655244,2.708366
54.6667,215.0,8.54,25.18,1.8361,43.8,11.8,2.655754,2.708758
54.6833,217.2,8.71,24.94,1.8918,43.4,11.4,2.656279,2.709553
54.7,218.0,8.8,24.77,1.9184,43.2,11.2,2.656812,2.709779
54.7167,218.2,8.73,24.99,1.9049,42.8,10.8,2.657341,2.710412
54.7333,217.4,8.45,25.73,1.837,43.5,11.5,2.657851,2.710855
54.75,217.0,8.64,25.12,1.8749,43.6,11.6,2.658372,2.71159
54.7667,216.5,8.71,24.86,1.8857,42.8,10.8,2.658896,2.712228
54.7833,216.4,8.58,25.22,1.8567,43.1,11.1,2.659412,2.712729
54.8,219.3,8.42,26.05,1.8465,42.6,10.6,2.659925,2.71333
54.8167,217.4,8.57,25.37,1.8631,42.9,10.9,2.660442,2.713466
54.8333,216.9,8.47,25.61,1.8371,43.3,11.3,2.660953,2.714161
54.85,219.1,8.52,25.72,1.8667,43.5,11.5,2.661471,2.714635
54.8667,218.8,8.32,26.3,1.8204,42.8,10.8,2.661977,2.715026
54.8833,221.0,8.3,26.63,1.8343,43.2,11.2,2.662486,2.71573
54.9,220.0,8.35,26.35,1.837,43.0,11.0,2.662997,2.716061
54.9167,216.4,8.07,26.82,1.7463,43.1,11.1,2.663482,2.716571
54.9333,220.0,8.2,26.83,1.804,43.6,11.6,2.663983,2.717055
54.95,217.8,8.22,26.5,1.7903,42.7,10.7,2.66448,2.717735
54.9667,217.1,8.04,27.0,1.7455,42.8,10.8,2.664965,2.718113
54.9833,216.6,8.4,25.79,1.8194,42.5,10.5,2.66547,2.718949
55.0,220.8,8.09,27.29,1.7863,42.2,10.2,2.665967,2.719259
55.0167,219.6,8.34,26.33,1.8315,42.3,10.3,2.666475,2.719896
55.0333,219.6,8.46,25.96,1.8578,42.1,10.1,2.666991,2.720386
55.05,217.7,8.35,26.07,1.8178,43.2,11.2,2.667496,2.720847
55.0667,218.3,8.18,26.69,1.7857,42.7,10.7,2.667992,2.721383
55.0833,218.0,8.34,26.14,1.8181,42.1,10.1,2.668497,2.721971
55.1,218.1,8.15,26.76,1.7775,42.6,10.6,2.668991,2.722351
55.1167,218.5,8.27,26.42,1.807,42.7,10.7,2.669493,2.723042
55.1333,218.8,8.28,26.43,1.8117,42.8,10.8,2.669996,2.723364
55.15,219.5,8.06,27.23,1.7692,42.4,10.4,2.670488,2.723817
55.1667,219.0,8.05,27.2,1.763,42.0,10.0,2.670977,2.724455
55.1833,218.6,7.91,27.64,1.7291,42.7,10.7,2.671458,2.724917
55.2,218.6,8.22,26.59,1.7969,42.8,10.8,2.671957,2.725426
55.2167,217.2,8.17,26.59,1.7745,42.2,10.2,2.67245,2.725888
55.2333,216.4,7.97,27.15,1.7247,41.8,9.8,2.672929,2.726602
55.25,218.4,7.99,27.33,1.745,42.6,10.6,2.673414,2.72691
55.2667,217.4,8.15,26.67,1.7718,42.1,10.1,2.673906,2.727373
55.2833,216.0,7.95,27.17,1.7172,42.4,10.4,2.674383,2.727819
55.3,217.2,7.97,27.25,1.7311,42.2,10.2,2.674864,2.728358
55.3167,220.8,7.85,28.13,1.7333,42.2,10.2,2.675345,2.728797
55.3333,218.5,7.91,27.62,1.7283,42.5,10.5,2.675825,2.729486
55.35,214.9,7.97,26.96,1.7128,41.7,9.7,2.676301,2.729867
55.3667,218.9,7.66,28.58,1.6768,41.4,9.4,2.676767,2.730449
55.3833,218.0,7.84,27.81,1.7091,41.5,9.5,2.677242,2.730707
55.4,218.6,7.52,29.07,1.6439,41.8,9.8,2.677698,2.73131
55.4167,219.7,7.79,28.2,1.7115,42.0,10.0,2.678174,2.731774
55.4333,217.5,7.86,27.67,1.7096,41.8,9.8,2.678648,2.732222
55.45,215.7,7.83,27.55,1.6889,42.2,10.2,2.679118,2.732604
55.4667,218.7,7.85,27.86,1.7168,41.5,9.5,2.679594,2.733314
55.4833,217.5,7.8,27.88,1.6965,41.3,9.3,2.680066,2.73372
55.5,218.0,7.78,28.02,1.696,42.0,10.0,2.680537,2.734274
55.5167,217.8,7.88,27.64,1.7163,41.4,9.4,2.681014,2.73467
55.5333,218.1,7.67,28.44,1.6728,41.2,9.2,2.681478,2.735084
55.55,217.9,7.61,28.63,1.6582,41.3,9.3,2.681939,2.735591
55.5667,217.9,7.49,29.09,1.6321,41.8,9.8,2.682392,2.736071
55.5833,218.0,7.75,28.13,1.6895,41.0,9.0,2.682862,2.736649
55.6,216.7,7.85,27.61,1.7011,41.6,9.6,2.683334,2.737042
55.6167,217.5,7.38,29.47,1.6051,40.5,8.5,2.68378,2.737567
55.6333,219.3,7.47,29.36,1.6382,41.9,9.9,2.684235,2.737992
55.65,219.9,7.6,28.93,1.6712,41.2,9.2,2.684699,2.738367
55.6667,219.1,7.56,28.98,1.6564,41.3,9.3,2.685159,2.738848
55.6833,219.4,7.74,28.35,1.6982,41.6,9.6,2.685631,2.73944
55.7,218.4,7.46,29.28,1.6293,41.4,9.4,2.686084,2.739768
55.7167,217.0,7.72,28.11,1.6752,41.3,9.3,2.686549,2.740219
55.7333,218.7,7.26,30.12,1.5878,41.4,9.4,2.68699,2.740788
55.75,217.1,7.29,29.78,1.5827,41.2,9.2,2.68743,2.741125
55.7667,219.8,7.52,29.23,1.6529,41.2,9.2,2.687889,2.741618
55.7833,218.1,6.93,31.47,1.5114,40.9,8.9,2.688309,2.742044
55.8,215.6,7.36,29.29,1.5868,40.9,8.9,2.688749,2.742579
55.8167,219.0,7.33,29.88,1.6053,40.5,8.5,2.689195,2.743063
55.8333,218.1,7.32,29.8,1.5965,40.6,8.6,2.689639,2.743228
55.85,219.8,7.13,30.83,1.5672,41.3,9.3,2.690074,2.743752
55.8667,220.0,7.41,29.69,1.6302,41.1,9.1,2.690527,2.744135
55.8833,216.5,7.1,30.49,1.5371,41.1,9.1,2.690954,2.744886
55.9,221.0,7.17,30.82,1.5846,40.8,8.8,2.691394,2.745232
55.9167,218.8,7.27,30.1,1.5907,40.9,8.9,2.691836,2.745637
55.9333,217.4,7.1,30.62,1.5435,40.5,8.5,2.692265,2.746179
55.95,215.4,7.28,29.59,1.5681,40.6,8.6,2.6927,2.746671
55.9667,219.7,7.09,30.99,1.5577,41.0,9.0,2.693133,2.746958
55.9833,220.5,6.9,31.96,1.5214,40.5,8.5,2.693556,2.747284
56.0,217.6,7.29,29.85,1.5863,40.4,8.4,2.693996,2.747765
56.0167,218.7,7.02,31.15,1.5353,40.3,8.3,2.694423,2.748317
56.0333,218.3,6.85,31.87,1.4954,40.6,8.6,2.694838,2.748814
56.05,219.8,7.03,31.27,1.5452,40.3,8.3,2.695267,2.749165
56.0667,216.7,7.29,29.73,1.5797,40.2,8.2,2.695706,2.749583
56.0833,221.2,6.91,32.01,1.5285,40.1,8.1,2.696131,2.750042
56.1,220.1,6.97,31.58,1.5341,40.1,8.1,2.696557,2.750344
56.1167,218.0,7.02,31.05,1.5304,40.4,8.4,2.696982,2.750839
56.1333,217.3,6.89,31.54,1.4972,40.1,8.1,2.697398,2.751322
56.15,216.7,6.98,31.05,1.5126,40.5,8.5,2.697818,2.751917
56.1667,217.1,7.05,30.79,1.5306,40.4,8.4,2.698243,2.752378
56.1833,217.7,6.93,31.41,1.5087,40.0,8.0,2.698662,2.752542
56.2,220.3,6.86,32.11,1.5113,40.2,8.2,2.699082,2.753192
56.2167,218.4,6.76,32.31,1.4764,40.0,8.0,2.699492,2.753435
56.2333,218.0,7.09,30.75,1.5456,40.2,8.2,2.699922,2.753919
56.25,221.8,6.93,32.01,1.5371,40.4,8.4,2.700348,2.754307
56.2667,218.5,6.97,31.35,1.5229,40.0,8.0,2.700772,2.754915
56.2833,219.1,6.77,32.36,1.4833,39.3,7.3,2.701184,2.755331
56.3,217.6,6.59,33.02,1.434,39.9,7.9,2.701582,2.755646
56.3167,219.9,6.77,32.48,1.4887,40.0,8.0,2.701995,2.756004
56.3333,217.6,6.76,32.19,1.471,39.7,7.7,2.702404,2.756428
56.35,215.3,6.75,31.9,1.4533,39.8,7.8,2.702808,2.756801
56.3667,217.4,6.8,31.97,1.4783,40.1,8.1,2.703218,2.757288
56.3833,217.8,6.55,33.25,1.4266,39.6,7.6,2.703615,2.757718
56.4,217.3,6.47,33.59,1.4059,39.8,7.8,2.704005,2.758211
56.4167,217.9,6.64,32.82,1.4469,39.5,7.5,2.704407,2.758466
56.4333,221.3,6.62,33.43,1.465,39.8,7.8,2.704814,2.75885
56.45,216.2,6.27,34.48,1.3556,40.1,8.1,2.705191,2.759383
56.4667,218.5,6.65,32.86,1.453,39.5,7.5,2.705594,2.75971
56.4833,217.8,6.57,33.15,1.4309,39.5,7.5,2.705992,2.760127
56.5,219.6,6.54,33.58,1.4362,39.8,7.8,2.706391,2.760565
56.5167,220.5,6.4,34.45,1.4112,39.3,7.3,2.706783,2.76086
56.5333,219.3,6.46,33.95,1.4167,40.0,8.0,2.707176,2.761397
56.55,219.5,6.2,35.4,1.3609,39.2,7.2,2.707554,2.761797
56.5667,220.0,6.27,35.09,1.3794,39.4,7.4,2.707937,2.762301
56.5833,218.8,6.12,35.75,1.3391,39.2,7.2,2.708309,2.762462
56.6,218.7,6.16,35.5,1.3472,39.6,7.6,2.708684,2.762741
56.6167,220.4,6.18,35.66,1.3621,39.0,7.0,2.709062,2.763151
56.6333,220.5,6.13,35.97,1.3517,39.4,7.4,2.709437,2.76371
56.65,219.3,6.21,35.31,1.3619,39.3,7.3,2.709816,2.764082
56.6667,217.7,6.15,35.4,1.3389,40.0,8.0,2.710188,2.764427
56.6833,221.0,6.27,35.25,1.3857,38.7,6.7,2.710572,2.764837
56.7,219.6,6.14,35.77,1.3483,39.0,7.0,2.710947,2.765245
56.7167,215.5,6.17,34.93,1.3296,39.4,7.4,2.711316,2.765584
56.7333,220.1,6.22,35.39,1.369,39.5,7.5,2.711697,2.765928
56.75,221.3,6.32,35.02,1.3986,38.9,6.9,2.712085,2.76622
56.7667,216.0,6.27,34.45,1.3543,39.4,7.4,2.712461,2.766698
56.7833,218.1,6.14,35.52,1.3391,39.2,7.2,2.712833,2.767068
56.8,218.3,6.1,35.79,1.3316,39.6,7.6,2.713203,2.767578
56.8167,219.1,5.98,36.64,1.3102,39.1,7.1,2.713567,2.767776
56.8333,218.2,6.17,35.36,1.3463,38.8,6.8,2.713941,2.768332
56.85,219.4,6.06,36.2,1.3296,39.3,7.3,2.71431,2.768644
56.8667,215.1,6.12,35.15,1.3164,39.1,7.1,2.714676,2.768947
56.8833,217.7,5.67,38.4,1.2344,39.0,7.0,2.715019,2.769274
56.9,217.8,6.03,36.12,1.3133,38.8,6.8,2.715384,2.769655
56.9167,220.4,6.2,35.55,1.3665,38.8,6.8,2.715763,2.770125
56.9333,219.4,5.71,38.42,1.2528,38.7,6.7,2.716111,2.770377
56.95,218.3,6.04,36.14,1.3185,39.3,7.3,2.716478,2.770818
56.9667,217.0,5.93,36.59,1.2868,39.0,7.0,2.716835,2.771187
56.9833,219.1,5.97,36.7,1.308,38.8,6.8,2.717198,2.77156
57.0,221.0,6.07,36.41,1.3415,38.8,6.8,2.717571,2.77181
57.0167,219.9,5.83,37.72,1.282,38.7,6.7,2.717927,2.772329
57.0333,220.9,5.83,37.89,1.2878,38.6,6.6,2.718285,2.772613
57.05,218.8,5.81,37.66,1.2712,38.0,6.0,2.718638,2.773054
57.0667,217.5,5.72,38.02,1.2441,38.2,6.2,2.718984,2.773337
57.0833,218.2,5.39,40.48,1.1761,38.7,6.7,2.71931,2.773664
57.1,217.3,5.56,39.08,1.2082,38.4,6.4,2.719646,2.773872
57.1167,218.6,5.58,39.18,1.2198,38.0,6.0,2.719985,2.774382
57.1333,217.9,5.74,37.96,1.2507,38.1,6.1,2.720332,2.774683
57.15,220.8,5.63,39.22,1.2431,38.1,6.1,2.720677,2.775142
57.1667,219.8,5.58,39.39,1.2265,38.3,6.3,2.721018,2.775456
57.1833,219.7,5.45,40.31,1.1974,38.6,6.6,2.721351,2.775938
57.2,216.4,5.69,38.03,1.2313,38.1,6.1,2.721693,2.776058
57.2167,219.1,5.61,39.06,1.2292,38.2,6.2,2.722034,2.776581
57.2333,219.0,5.42,40.41,1.187,37.6,5.6,2.722364,2.776856
57.25,219.2,5.41,40.52,1.1859,38.8,6.8,2.722693,2.777224
57.2667,216.8,5.81,37.31,1.2596,38.1,6.1,2.723043,2.777536
57.2833,219.2,5.38,40.74,1.1793,37.9,5.9,2.723371,2.777751
57.3,218.0,5.39,40.45,1.175,37.7,5.7,2.723697,2.778162
57.3167,217.6,5.76,37.78,1.2534,37.7,5.7,2.724045,2.778538
57.3333,222.0,5.58,39.78,1.2388,38.5,6.5,2.724389,2.779146
57.35,220.8,5.58,39.57,1.2321,37.9,5.9,2.724732,2.779249
57.3667,220.7,5.46,40.42,1.205,38.2,6.2,2.725066,2.779583
57.3833,217.3,5.45,39.87,1.1843,37.7,5.7,2.725395,2.779847
57.4,219.5,5.55,39.55,1.2182,38.1,6.1,2.725734,2.780324
57.4167,219.1,5.1,42.96,1.1174,38.3,6.3,2.726044,2.780604
57.4333,217.0,5.31,40.87,1.1523,38.5,6.5,2.726364,2.780999
57.45,218.3,5.45,40.06,1.1897,37.6,5.6,2.726695,2.781138
57.4667,217.7,5.28,41.23,1.1495,38.1,6.1,2.727014,2.781727
57.4833,219.7,5.4,40.69,1.1864,37.6,5.6,2.727344,2.781909
57.5,222.4,5.13,43.35,1.1409,37.8,5.8,2.727661,2.782336
57.5167,220.3,4.99,44.15,1.0993,37.9,5.9,2.727966,2.782628
57.5333,222.3,5.2,42.75,1.156,37.7,5.7,2.728287,2.782853
57.55,218.0,5.27,41.37,1.1489,37.5,5.5,2.728606,2.783182
57.5667,219.8,4.76,46.18,1.0462,37.9,5.9,2.728897,2.783422
57.5833,219.7,5.3,41.45,1.1644,37.8,5.8,2.72922,2.783723
57.6,218.6,5.42,40.33,1.1848,37.7,5.7,2.729549,2.784119
57.6167,217.8,4.82,45.19,1.0498,37.6,5.6,2.729841,2.784355
57.6333,217.4,5.0,43.48,1.087,37.1,5.1,2.730143,2.784581
57.65,217.7,4.88,44.61,1.0624,37.6,5.6,2.730438,2.784884
57.6667,221.7,5.06,43.81,1.1218,37.1,5.1,2.73075,2.785397
57.6833,218.5,5.15,42.43,1.1253,38.2,6.2,2.731062,2.785631
57.7,219.6,5.2,42.23,1.1419,37.4,5.4,2.731379,2.785934
57.7167,217.3,5.07,42.86,1.1017,37.4,5.4,2.731685,2.786261
57.7333,218.5,5.13,42.59,1.1209,37.3,5.3,2.731997,2.786674
57.75,218.6,4.81,45.45,1.0515,37.2,5.2,2.732289,2.78683
57.7667,219.5,4.9,44.8,1.0756,37.4,5.4,2.732588,2.787337
57.7833,218.7,4.96,44.09,1.0848,36.9,4.9,2.732889,2.78774
57.8,220.1,4.63,47.54,1.0191,37.3,5.3,2.733172,2.787929
57.8167,219.7,5.21,42.17,1.1446,37.2,5.2,2.73349,2.788209
57.8333,217.8,4.97,43.82,1.0825,37.4,5.4,2.733791,2.788432
57.85,220.6,4.58,48.17,1.0103,36.9,4.9,2.734071,2.788886
57.8667,219.8,4.85,45.32,1.066,36.9,4.9,2.734367,2.789141
57.8833,219.3,4.84,45.31,1.0614,37.0,5.0,2.734662,2.789343
57.9,218.6,4.59,47.63,1.0034,37.6,5.6,2.734941,2.789785
57.9167,217.0,4.82,45.02,1.0459,36.9,4.9,2.735232,2.789936
57.9333,219.7,4.76,46.16,1.0458,37.2,5.2,2.735522,2.790223
57.95,216.4,4.59,47.15,0.9933,36.6,4.6,2.735798,2.790616
57.9667,219.8,4.99,44.05,1.0968,36.8,4.8,2.736103,2.790849
57.9833,216.8,4.27,50.77,0.9257,36.4,4.4,2.73636,2.790965
58.0,219.9,4.67,47.09,1.0269,36.0,4.0,2.736645,2.791579
58.0167,220.3,4.78,46.09,1.053,36.5,4.5,2.736937,2.791595
58.0333,218.0,4.66,46.78,1.0159,37.1,5.1,2.73722,2.792018
58.05,221.2,4.56,48.51,1.0087,36.6,4.6,2.7375,2.792207
58.0667,217.6,4.38,49.68,0.9531,37.2,5.2,2.737765,2.792559
58.0833,217.1,4.42,49.12,0.9596,36.7,4.7,2.738031,2.792704
58.1,219.0,4.39,49.89,0.9614,36.5,4.5,2.738298,2.792967
58.1167,218.0,4.53,48.12,0.9875,36.8,4.8,2.738573,2.793336
58.1333,220.1,4.42,49.8,0.9728,36.6,4.6,2.738843,2.793666
58.15,220.0,4.63,47.52,1.0186,36.6,4.6,2.739126,2.79394
58.1667,219.4,4.35,50.44,0.9544,36.9,4.9,2.739391,2.794255
58.1833,217.3,4.34,50.07,0.9431,36.4,4.4,2.739653,2.794341
58.2,220.6,4.55,48.48,1.0037,36.8,4.8,2.739932,2.794685
58.2167,217.2,4.07,53.37,0.884,36.5,4.5,2.740177,2.79509
58.2333,219.3,4.44,49.39,0.9737,36.4,4.4,2.740448,2.795291
58.25,219.7,4.62,47.55,1.015,36.3,4.3,2.74073,2.795608
58.2667,219.1,4.09,53.57,0.8961,35.9,3.9,2.740978,2.795892
58.2833,219.8,4.26,51.6,0.9363,35.9,3.9,2.741239,2.796294
58.3,219.7,4.16,52.81,0.914,36.6,4.6,2.741492,2.796257
58.3167,218.9,4.24,51.63,0.9281,36.4,4.4,2.74175,2.796342
58.3333,220.0,4.08,53.92,0.8976,36.3,4.3,2.742,2.796835
58.35,218.4,4.29,50.91,0.9369,35.5,3.5,2.74226,2.796953
58.3667,217.8,4.39,49.61,0.9561,35.7,3.7,2.742525,2.797461
58.3833,217.4,4.01,54.21,0.8718,36.2,4.2,2.742768,2.797531
58.4,219.2,4.32,50.74,0.9469,36.2,4.2,2.743031,2.797786
58.4167,220.5,4.16,53.0,0.9173,35.8,3.8,2.743285,2.798014
58.4333,219.1,3.92,55.89,0.8589,36.7,4.7,2.743524,2.798191
58.45,217.8,3.93,55.42,0.856,35.3,3.3,2.743762,2.798734
58.4667,217.6,4.12,52.82,0.8965,35.9,3.9,2.744011,2.798768
58.4833,218.6,3.8,57.53,0.8307,36.2,4.2,2.744242,2.799151
58.5,220.3,3.85,57.22,0.8482,36.0,4.0,2.744477,2.799257
58.5167,216.8,4.25,51.01,0.9214,36.2,4.2,2.744733,2.799557
58.5333,220.5,4.0,55.12,0.882,35.6,3.6,2.744978,2.799819
58.55,221.3,3.89,56.89,0.8609,36.0,4.0,2.745217,2.800139
58.5667,218.5,4.04,54.08,0.8827,35.7,3.7,2.745462,2.800494
58.5833,220.1,4.28,51.43,0.942,35.5,3.5,2.745724,2.80067
58.6,220.8,3.56,62.02,0.786,35.8,3.8,2.745942,2.800786
58.6167,217.5,3.95,55.06,0.8591,35.4,3.4,2.746181,2.801164
58.6333,218.4,4.11,53.14,0.8976,35.5,3.5,2.74643,2.801293
58.65,218.9,3.8,57.61,0.8318,35.8,3.8,2.746661,2.80159
58.6667,218.2,3.75,58.19,0.8183,35.8,3.8,2.746889,2.801875
58.6833,219.1,3.99,54.91,0.8742,35.4,3.4,2.747132,2.802185
58.7,221.4,3.85,57.51,0.8524,35.9,3.9,2.747368,2.802385
58.7167,219.1,3.79,57.81,0.8304,35.9,3.9,2.747599,2.802672
58.7333,221.4,3.72,59.52,0.8236,35.3,3.3,2.747828,2.802693
58.75,218.7,3.8,57.55,0.8311,35.5,3.5,2.748059,2.803059
58.7667,218.7,3.81,57.4,0.8332,35.1,3.1,2.74829,2.803223
58.7833,221.0,4.06,54.43,0.8973,35.8,3.8,2.748539,2.80337
58.8,219.3,3.76,58.32,0.8246,35.5,3.5,2.748768,2.803569
58.8167,217.9,4.0,54.48,0.8716,35.6,3.6,2.749011,2.804062
58.8333,221.0,3.8,58.16,0.8398,35.4,3.4,2.749244,2.804119
58.85,220.8,3.75,58.88,0.828,35.3,3.3,2.749474,2.804504
58.8667,217.9,3.61,60.36,0.7866,35.1,3.1,2.749692,2.804728
58.8833,218.4,3.78,57.78,0.8256,35.6,3.6,2.749922,2.804846
58.9,218.8,3.78,57.88,0.8271,35.4,3.4,2.750151,2.805152
58.9167,220.8,3.41,64.75,0.7529,35.1,3.1,2.750361,2.805307
58.9333,219.1,3.74,58.58,0.8194,35.0,3.0,2.750588,2.805673
58.95,220.9,3.28,67.35,0.7246,35.4,3.4,2.750789,2.805878
58.9667,218.3,3.49,62.55,0.7619,35.3,3.3,2.751001,2.806154
58.9833,216.8,3.46,62.66,0.7501,35.9,3.9,2.751209,2.806362
59.0,221.5,3.44,64.39,0.762,35.4,3.4,2.751421,2.806389
59.0167,217.8,3.41,63.87,0.7427,34.9,2.9,2.751627,2.806608
59.0333,219.7,3.53,62.24,0.7755,35.3,3.3,2.751843,2.806882
59.05,219.0,3.69,59.35,0.8081,34.8,2.8,2.752067,2.807025
59.0667,215.9,3.53,61.16,0.7621,35.0,3.0,2.752279,2.807292
59.0833,217.6,3.42,63.63,0.7442,34.8,2.8,2.752486,2.807517
59.1,220.6,3.4,64.88,0.75,35.4,3.4,2.752694,2.807744
59.1167,221.1,3.15,70.19,0.6965,35.4,3.4,2.752888,2.807984
59.1333,220.5,3.19,69.12,0.7034,35.0,3.0,2.753083,2.80807
59.15,218.9,3.25,67.35,0.7114,34.6,2.6,2.753281,2.808591
59.1667,220.2,3.28,67.13,0.7223,34.7,2.7,2.753481,2.80859
59.1833,220.6,3.1,71.16,0.6839,35.1,3.1,2.753671,2.8088
59.2,219.9,3.28,67.04,0.7213,34.7,2.7,2.753872,2.808969
59.2167,219.2,3.27,67.03,0.7168,34.6,2.6,2.754071,2.808956
59.2333,218.5,3.31,66.01,0.7232,34.9,2.9,2.754272,2.809281
59.25,220.0,3.2,68.75,0.704,34.3,2.3,2.754467,2.809737
59.2667,220.3,3.12,70.61,0.6873,34.7,2.7,2.754658,2.809682
59.2833,222.2,3.01,73.82,0.6688,34.3,2.3,2.754844,2.809902
59.3,217.3,3.21,67.69,0.6975,34.2,2.2,2.755038,2.810099
59.3167,218.2,2.97,73.47,0.6481,34.3,2.3,2.755218,2.810295
59.3333,217.8,3.19,68.28,0.6948,35.2,3.2,2.755411,2.810575
59.35,220.4,2.78,79.28,0.6127,34.5,2.5,2.755581,2.810725
59.3667,220.9,3.29,67.14,0.7268,34.4,2.4,2.755783,2.810873
59.3833,219.6,2.77,79.28,0.6083,34.2,2.2,2.755952,2.811166
59.4,221.4,2.9,76.34,0.6421,33.9,1.9,2.75613,2.811186
59.4167,219.9,2.97,74.04,0.6531,34.2,2.2,2.756311,2.811333
59.4333,217.8,3.02,72.12,0.6578,34.6,2.6,2.756494,2.811631
59.45,218.5,2.83,77.21,0.6184,34.9,2.9,2.756666,2.811746
59.4667,219.1,2.38,92.06,0.5215,34.7,2.7,2.756811,2.811951
59.4833,222.1,2.77,80.18,0.6152,34.3,2.3,2.756982,2.812058
59.5,219.3,2.74,80.04,0.6009,34.4,2.4,2.757149,2.812435
59.5167,221.1,2.84,77.85,0.6279,34.1,2.1,2.757323,2.812554
59.5333,217.7,2.47,88.14,0.5377,34.2,2.2,2.757472,2.812695
59.55,218.8,2.78,78.71,0.6083,33.8,1.8,2.757641,2.812864
59.5667,219.5,2.3,95.43,0.5049,34.0,2.0,2.757782,2.812974
59.5833,220.2,2.69,81.86,0.5923,34.3,2.3,2.757946,2.813236
59.6,221.0,2.83,78.09,0.6254,34.2,2.2,2.75812,2.813303
59.6167,219.4,2.9,75.66,0.6363,34.1,2.1,2.758297,2.813312
59.6333,220.2,2.7,81.56,0.5945,34.5,2.5,2.758462,2.813598
59.65,217.5,2.47,88.06,0.5372,34.1,2.1,2.758611,2.813769
59.6667,220.1,2.67,82.43,0.5877,34.3,2.3,2.758774,2.814076
59.6833,216.5,2.63,82.32,0.5694,33.9,1.9,2.758932,2.814203
59.7,217.6,2.42,89.92,0.5266,33.8,1.8,2.759079,2.814284
59.7167,218.7,2.46,88.9,0.538,33.6,1.6,2.759228,2.814574
59.7333,217.8,2.64,82.5,0.575,33.2,1.2,2.759388,2.814591
59.75,219.9,2.38,92.39,0.5234,33.8,1.8,2.759533,2.814748
59.7667,216.7,2.52,85.99,0.5461,33.9,1.9,2.759685,2.814757
59.7833,220.2,2.46,89.51,0.5417,33.8,1.8,2.759835,2.815111
59.8,221.8,2.54,87.32,0.5634,33.3,1.3,2.759992,2.81522
59.8167,220.2,2.55,86.35,0.5615,33.7,1.7,2.760148,2.815418
59.8333,222.4,2.47,90.04,0.5493,34.2,2.2,2.7603,2.815289
59.85,221.2,2.34,94.53,0.5176,33.6,1.6,2.760444,2.815673
59.8667,217.4,2.38,91.34,0.5174,33.1,1.1,2.760588,2.815994
59.8833,218.8,2.12,103.21,0.4639,33.9,1.9,2.760717,2.815993
59.9,220.4,2.22,99.28,0.4893,34.2,2.2,2.760853,2.816185
59.9167,219.4,2.15,102.05,0.4717,33.6,1.6,2.760984,2.816224
59.9333,219.3,2.33,94.12,0.511,33.8,1.8,2.761126,2.816303
59.95,223.3,2.25,99.24,0.5024,34.2,2.2,2.761265,2.816408
59.9667,218.0,1.91,114.14,0.4164,34.0,2.0,2.761381,2.816542
59.9833,219.5,2.21,99.32,0.4851,33.8,1.8,2.761516,2.816723
